Workbook
Name DIAS_PERIODO: 'CUADRO DE MANDO T'!$I$9

Sheet CUADRO DE MANDO T
C6: CUADRO DE MANDO LOGÍSTICA | J6: DIAS DE STOCK
C7: ROTACIÓN DE SIMCARD | E7: DÍAS DEL PERÍODO — escriba AUTO o un número fijo: | I7: AUTO | J7: MENOR O IGUAL A 7 DIAS | L7: MENOR O IGUAL A 90
C8: Inventario disponible: | E8: Días con despacho detectados en la hoja origen: | I8: =IFERROR(SUMPRODUCT(1/COUNTIF(OFFSET('DESPACHOS 20 DIAS'!$A$2,0,0,MAX(1,COUNTA('DESPACHOS 20 DIAS'!$A:$A)-1),1),OFFSET('DESPACHOS 20 DIAS'!$A$2,0,0,MAX(1,COUNTA('DESPACHOS 20 DIAS'!$A:$A)-1),1))),0) | J8: De 8 a 14 días | L8: MAYOR A 90 Y MENOR O IGUAL A 150
C9: =TODAY() | E9: Divisor aplicado al promedio diario: | I9: =IF(ISNUMBER($I$7),$I$7,IF($I$8>0,$I$8,20)) | J9: Mas de 15 días | L9: MAYOR A 150
J10: Sin rotación en el período = gris (antes se pintaba de verde)
A11: CLAVE | B11: No. | C11: CODIGO JANUS | D11: ARTICULO JANUS | E11: Tipo | F11: DESPACHO | J11: STOCK | M11: DIAS DE STOCK SIN PRODUCIR | O11: DIAS DE STOCK DISPONIBLE PRODUCIDO | Q11: DÍAS DE STOCK TOTAL | R11: ESTADO | S11: ALERTA DE PRODUCCIÓN
F12: CANAL INDIRECTO | G12: CANAL DIRECTO | H12: TOTAL DESPACHO | I12: PROMEDIO DIARIO DE DESPACHO | J12: STOCK EN PROCESO DE LIBERACIÓN | K12: EN PRODUCCIÓN | L12: STOCK SIN PRODUCIR | N12: STOCK DISPONIBLE PRODUCIDO | P12: STOCK TOTAL
A13: KITE.ESTANDAR | B13: 1 | C13: 162082 | D13: SIM KITE M2M 2FF STANDARD | E13: Blanca | F13: =SUMIFS('DESPACHOS 20 DIAS'!F:F,'DESPACHOS 20 DIAS'!D:D,$C13,'DESPACHOS 20 DIAS'!E:E,$D13,'DESPACHOS 20 DIAS'!N:N,"CANAL INDIRECTO") | G13: =SUMIFS('DESPACHOS 20 DIAS'!F:F,'DESPACHOS 20 DIAS'!D:D,$C13,'DESPACHOS 20 DIAS'!E:E,$D13,'DESPACHOS 20 DIAS'!N:N,"CANAL DIRECTO") | H13: =F13+G13 | I13: =IFERROR(H13/DIAS_PERIODO,0) | J13: 0 | K13: =SUMIFS(INVENTARIO!E:E,INVENTARIO!D:D,$C13,INVENTARIO!B:B,$D13,INVENTARIO!A:A,"PRODUCCION") | L13: =SUMIFS(INVENTARIO!E:E,INVENTARIO!D:D,$C13,INVENTARIO!B:B,$D13,INVENTARIO!A:A,"MATERIA PRIMA") | M13: =IF($I13=0,"",L13/$I13) | N13: =SUMIFS(INVENTARIO!E:E,INVENTARIO!D:D,$C13,INVENTARIO!B:B,$D13,INVENTARIO!A:A,"BODEGA CENTRAL")+SUMIFS(INVENTARIO!E:E,INVENTARIO!D:D,$C13,INVENTARIO!B:B,$D13,INVENTARIO!A:A,"DELIVERY") | O13: =IF($I13=0,"",N13/$I13) | P13: =L13+N13+K13 | Q13: =IF($I13=0,"",P13/$I13) | R13: =IF($D13="","",IF($I13=0,"SIN ROTACIÓN",IF($E13="","",IF($E13="Numerada",IF($Q13<8,"CRÍTICO",IF($Q13<15,"ALERTA","OK")),IF($Q13<=90,"CRÍTICO",IF($Q13<=150,"ALERTA","OK")))))) | S13: =IF(OR($C13="",$E13="",$I13=0),"",IF($E13="Numerada",IF(AND($O13<8,$Q13>=8),"PRODUCIR - "&TEXT($O13,"0")&" d terminado",""),IF(AND($O13<=90,$Q13>90),"PRODUCIR - "&TEXT($O13,"0")&" d terminado","")))
A14: KITE.ESTANDAR | B14: 2 | C14: 162086 | D14: SIM KITE M2M 4FF | E14: Blanca | F14: =SUMIFS('DESPACHOS 20 DIAS'!F:F,'DESPACHOS 20 DIAS'!D:D,$C14,'DESPACHOS 20 DIAS'!E:E,$D14,'DESPACHOS 20 DIAS'!N:N,"CANAL INDIRECTO") | G14: =SUMIFS('DESPACHOS 20 DIAS'!F:F,'DESPACHOS 20 DIAS'!D:D,$C14,'DESPACHOS 20 DIAS'!E:E,$D14,'DESPACHOS 20 DIAS'!N:N,"CANAL DIRECTO") | H14: =F14+G14 | I14: =IFERROR(H14/DIAS_PERIODO,0) | J14: 0 | K14: =SUMIFS(INVENTARIO!E:E,INVENTARIO!D:D,$C14,INVENTARIO!B:B,$D14,INVENTARIO!A:A,"PRODUCCION") | L14: =SUMIFS(INVENTARIO!E:E,INVENTARIO!D:D,$C14,INVENTARIO!B:B,$D14,INVENTARIO!A:A,"MATERIA PRIMA") | M14: =IF($I14=0,"",L14/$I14) | N14: =SUMIFS(INVENTARIO!E:E,INVENTARIO!D:D,$C14,INVENTARIO!B:B,$D14,INVENTARIO!A:A,"BODEGA CENTRAL")+SUMIFS(INVENTARIO!E:E,INVENTARIO!D:D,$C14,INVENTARIO!B:B,$D14,INVENTARIO!A:A,"DELIVERY") | O14: =IF($I14=0,"",N14/$I14) | P14: =L14+N14+K14 | Q14: =IF($I14=0,"",P14/$I14) | R14: =IF($D14="","",IF($I14=0,"SIN ROTACIÓN",IF($E14="","",IF($E14="Numerada",IF($Q14<8,"CRÍTICO",IF($Q14<15,"ALERTA","OK")),IF($Q14<=90,"CRÍTICO",IF($Q14<=150,"ALERTA","OK")))))) | S14: =IF(OR($C14="",$E14="",$I14=0),"",IF($E14="Numerada",IF(AND($O14<8,$Q14>=8),"PRODUCIR - "&TEXT($O14,"0")&" d terminado",""),IF(AND($O14<=90,$Q14>90),"PRODUCIR - "&TEXT($O14,"0")&" d terminado","")))
A15: KITE.ESTANDAR | B15: 3 | C15: 162439 | D15: HALFSIM KITE M2M 2FF | E15: Blanca | F15: =SUMIFS('DESPACHOS 20 DIAS'!F:F,'DESPACHOS 20 DIAS'!D:D,$C15,'DESPACHOS 20 DIAS'!E:E,$D15,'DESPACHOS 20 DIAS'!N:N,"CANAL INDIRECTO") | G15: =SUMIFS('DESPACHOS 20 DIAS'!F:F,'DESPACHOS 20 DIAS'!D:D,$C15,'DESPACHOS 20 DIAS'!E:E,$D15,'DESPACHOS 20 DIAS'!N:N,"CANAL DIRECTO") | H15: =F15+G15 | I15: =IFERROR(H15/DIAS_PERIODO,0) | J15: 0 | K15: =SUMIFS(INVENTARIO!E:E,INVENTARIO!D:D,$C15,INVENTARIO!B:B,$D15,INVENTARIO!A:A,"PRODUCCION") | L15: =SUMIFS(INVENTARIO!E:E,INVENTARIO!D:D,$C15,INVENTARIO!B:B,$D15,INVENTARIO!A:A,"MATERIA PRIMA") | M15: =IF($I15=0,"",L15/$I15) | N15: =SUMIFS(INVENTARIO!E:E,INVENTARIO!D:D,$C15,INVENTARIO!B:B,$D15,INVENTARIO!A:A,"BODEGA CENTRAL")+SUMIFS(INVENTARIO!E:E,INVENTARIO!D:D,$C15,INVENTARIO!B:B,$D15,INVENTARIO!A:A,"DELIVERY") | O15: =IF($I15=0,"",N15/$I15) | P15: =L15+N15+K15 | Q15: =IF($I15=0,"",P15/$I15) | R15: =IF($D15="","",IF($I15=0,"SIN ROTACIÓN",IF($E15="","",IF($E15="Numerada",IF($Q15<8,"CRÍTICO",IF($Q15<15,"ALERTA","OK")),IF($Q15<=90,"CRÍTICO",IF($Q15<=150,"ALERTA","OK")))))) | S15: =IF(OR($C15="",$E15="",$I15=0),"",IF($E15="Numerada",IF(AND($O15<8,$Q15>=8),"PRODUCIR - "&TEXT($O15,"0")&" d terminado",""),IF(AND($O15<=90,$Q15>90),"PRODUCIR - "&TEXT($O15,"0")&" d terminado","")))
D16: Subtotal SIM / HALFSIM KITE M2M ESTÁNDAR | E16: Blanca | F16: =SUMIFS(F$13:F$73,$A$13:$A$73,"KITE.ESTANDAR") | G16: =SUMIFS(G$13:G$73,$A$13:$A$73,"KITE.ESTANDAR") | H16: =SUMIFS(H$13:H$73,$A$13:$A$73,"KITE.ESTANDAR") | I16: =IFERROR(H16/DIAS_PERIODO,0) | J16: =SUMIFS(J$13:J$73,$A$13:$A$73,"KITE.ESTANDAR") | K16: =SUMIFS(K$13:K$73,$A$13:$A$73,"KITE.ESTANDAR") | L16: =SUMIFS(L$13:L$73,$A$13:$A$73,"KITE.ESTANDAR") | M16: =IF($I16=0,"",L16/$I16) | N16: =SUMIFS(N$13:N$73,$A$13:$A$73,"KITE.ESTANDAR") | O16: =IF($I16=0,"",N16/$I16) | P16: =SUMIFS(P$13:P$73,$A$13:$A$73,"KITE.ESTANDAR") | Q16: =IF($I16=0,"",P16/$I16) | R16: =IF($D16="","",IF($I16=0,"SIN ROTACIÓN",IF($E16="","",IF($E16="Numerada",IF($Q16<8,"CRÍTICO",IF($Q16<15,"ALERTA","OK")),IF($Q16<=90,"CRÍTICO",IF($Q16<=150,"ALERTA","OK")))))) | S16: =IF(OR($C16="",$E16="",$I16=0),"",IF($E16="Numerada",IF(AND($O16<8,$Q16>=8),"PRODUCIR - "&TEXT($O16,"0")&" d terminado",""),IF(AND($O16<=90,$Q16>90),"PRODUCIR - "&TEXT($O16,"0")&" d terminado","")))
A17: KITE.DEVCTRL | B17: 4 | C17: 162593 | D17: HALFSIM KITE M2M 3FF DEVICE CONTROL BLANCA | E17: Blanca | F17: =SUMIFS('DESPACHOS 20 DIAS'!F:F,'DESPACHOS 20 DIAS'!D:D,$C17,'DESPACHOS 20 DIAS'!E:E,$D17,'DESPACHOS 20 DIAS'!N:N,"CANAL INDIRECTO") | G17: =SUMIFS('DESPACHOS 20 DIAS'!F:F,'DESPACHOS 20 DIAS'!D:D,$C17,'DESPACHOS 20 DIAS'!E:E,$D17,'DESPACHOS 20 DIAS'!N:N,"CANAL DIRECTO") | H17: =F17+G17 | I17: =IFERROR(H17/DIAS_PERIODO,0) | J17: 0 | K17: =SUMIFS(INVENTARIO!E:E,INVENTARIO!D:D,$C17,INVENTARIO!B:B,$D17,INVENTARIO!A:A,"PRODUCCION") | L17: =SUMIFS(INVENTARIO!E:E,INVENTARIO!D:D,$C17,INVENTARIO!B:B,$D17,INVENTARIO!A:A,"MATERIA PRIMA") | M17: =IF($I17=0,"",L17/$I17) | N17: =SUMIFS(INVENTARIO!E:E,INVENTARIO!D:D,$C17,INVENTARIO!B:B,$D17,INVENTARIO!A:A,"BODEGA CENTRAL")+SUMIFS(INVENTARIO!E:E,INVENTARIO!D:D,$C17,INVENTARIO!B:B,$D17,INVENTARIO!A:A,"DELIVERY") | O17: =IF($I17=0,"",N17/$I17) | P17: =L17+N17+K17 | Q17: =IF($I17=0,"",P17/$I17) | R17: =IF($D17="","",IF($I17=0,"SIN ROTACIÓN",IF($E17="","",IF($E17="Numerada",IF($Q17<8,"CRÍTICO",IF($Q17<15,"ALERTA","OK")),IF($Q17<=90,"CRÍTICO",IF($Q17<=150,"ALERTA","OK")))))) | S17: =IF(OR($C17="",$E17="",$I17=0),"",IF($E17="Numerada",IF(AND($O17<8,$Q17>=8),"PRODUCIR - "&TEXT($O17,"0")&" d terminado",""),IF(AND($O17<=90,$Q17>90),"PRODUCIR - "&TEXT($O17,"0")&" d terminado","")))
A18: KITE.DEVCTRL | B18: 5 | C18: 162594 | D18: HALFSIM KITE M2M 2FF DEVICE CONTROL BLANCA | E18: Blanca | F18: =SUMIFS('DESPACHOS 20 DIAS'!F:F,'DESPACHOS 20 DIAS'!D:D,$C18,'DESPACHOS 20 DIAS'!E:E,$D18,'DESPACHOS 20 DIAS'!N:N,"CANAL INDIRECTO") | G18: =SUMIFS('DESPACHOS 20 DIAS'!F:F,'DESPACHOS 20 DIAS'!D:D,$C18,'DESPACHOS 20 DIAS'!E:E,$D18,'DESPACHOS 20 DIAS'!N:N,"CANAL DIRECTO") | H18: =F18+G18 | I18: =IFERROR(H18/DIAS_PERIODO,0) | J18: 0 | K18: =SUMIFS(INVENTARIO!E:E,INVENTARIO!D:D,$C18,INVENTARIO!B:B,$D18,INVENTARIO!A:A,"PRODUCCION") | L18: =SUMIFS(INVENTARIO!E:E,INVENTARIO!D:D,$C18,INVENTARIO!B:B,$D18,INVENTARIO!A:A,"MATERIA PRIMA") | M18: =IF($I18=0,"",L18/$I18) | N18: =SUMIFS(INVENTARIO!E:E,INVENTARIO!D:D,$C18,INVENTARIO!B:B,$D18,INVENTARIO!A:A,"BODEGA CENTRAL")+SUMIFS(INVENTARIO!E:E,INVENTARIO!D:D,$C18,INVENTARIO!B:B,$D18,INVENTARIO!A:A,"DELIVERY") | O18: =IF($I18=0,"",N18/$I18) | P18: =L18+N18+K18 | Q18: =IF($I18=0,"",P18/$I18) | R18: =IF($D18="","",IF($I18=0,"SIN ROTACIÓN",IF($E18="","",IF($E18="Numerada",IF($Q18<8,"CRÍTICO",IF($Q18<15,"ALERTA","OK")),IF($Q18<=90,"CRÍTICO",IF($Q18<=150,"ALERTA","OK")))))) | S18: =IF(OR($C18="",$E18="",$I18=0),"",IF($E18="Numerada",IF(AND($O18<8,$Q18>=8),"PRODUCIR - "&TEXT($O18,"0")&" d terminado",""),IF(AND($O18<=90,$Q18>90),"PRODUCIR - "&TEXT($O18,"0")&" d terminado","")))
A19: KITE.DEVCTRL | B19: 6 | C19: 162594 | D19: HALFSIM KITE M2M 2FF DEVICE CONTROL TELEFONICA | E19: Blanca | F19: =SUMIFS('DESPACHOS 20 DIAS'!F:F,'DESPACHOS 20 DIAS'!D:D,$C19,'DESPACHOS 20 DIAS'!E:E,$D19,'DESPACHOS 20 DIAS'!N:N,"CANAL INDIRECTO") | G19: =SUMIFS('DESPACHOS 20 DIAS'!F:F,'DESPACHOS 20 DIAS'!D:D,$C19,'DESPACHOS 20 DIAS'!E:E,$D19,'DESPACHOS 20 DIAS'!N:N,"CANAL DIRECTO") | H19: =F19+G19 | I19: =IFERROR(H19/DIAS_PERIODO,0) | J19: 0 | K19: =SUMIFS(INVENTARIO!E:E,INVENTARIO!D:D,$C19,INVENTARIO!B:B,$D19,INVENTARIO!A:A,"PRODUCCION") | L19: =SUMIFS(INVENTARIO!E:E,INVENTARIO!D:D,$C19,INVENTARIO!B:B,$D19,INVENTARIO!A:A,"MATERIA PRIMA") | M19: =IF($I19=0,"",L19/$I19) | N19: =SUMIFS(INVENTARIO!E:E,INVENTARIO!D:D,$C19,INVENTARIO!B:B,$D19,INVENTARIO!A:A,"BODEGA CENTRAL")+SUMIFS(INVENTARIO!E:E,INVENTARIO!D:D,$C19,INVENTARIO!B:B,$D19,INVENTARIO!A:A,"DELIVERY") | O19: =IF($I19=0,"",N19/$I19) | P19: =L19+N19+K19 | Q19: =IF($I19=0,"",P19/$I19) | R19: =IF($D19="","",IF($I19=0,"SIN ROTACIÓN",IF($E19="","",IF($E19="Numerada",IF($Q19<8,"CRÍTICO",IF($Q19<15,"ALERTA","OK")),IF($Q19<=90,"CRÍTICO",IF($Q19<=150,"ALERTA","OK")))))) | S19: =IF(OR($C19="",$E19="",$I19=0),"",IF($E19="Numerada",IF(AND($O19<8,$Q19>=8),"PRODUCIR - "&TEXT($O19,"0")&" d terminado",""),IF(AND($O19<=90,$Q19>90),"PRODUCIR - "&TEXT($O19,"0")&" d terminado","")))
A20: KITE.DEVCTRL | B20: 7 | C20: 162699 | D20: HALFSIM KITE M2M 4FF DEVICE CONTROL TELEFONICA | E20: Blanca | F20: =SUMIFS('DESPACHOS 20 DIAS'!F:F,'DESPACHOS 20 DIAS'!D:D,$C20,'DESPACHOS 20 DIAS'!E:E,$D20,'DESPACHOS 20 DIAS'!N:N,"CANAL INDIRECTO") | G20: =SUMIFS('DESPACHOS 20 DIAS'!F:F,'DESPACHOS 20 DIAS'!D:D,$C20,'DESPACHOS 20 DIAS'!E:E,$D20,'DESPACHOS 20 DIAS'!N:N,"CANAL DIRECTO") | H20: =F20+G20 | I20: =IFERROR(H20/DIAS_PERIODO,0) | J20: 0 | K20: =SUMIFS(INVENTARIO!E:E,INVENTARIO!D:D,$C20,INVENTARIO!B:B,$D20,INVENTARIO!A:A,"PRODUCCION") | L20: =SUMIFS(INVENTARIO!E:E,INVENTARIO!D:D,$C20,INVENTARIO!B:B,$D20,INVENTARIO!A:A,"MATERIA PRIMA") | M20: =IF($I20=0,"",L20/$I20) | N20: =SUMIFS(INVENTARIO!E:E,INVENTARIO!D:D,$C20,INVENTARIO!B:B,$D20,INVENTARIO!A:A,"BODEGA CENTRAL")+SUMIFS(INVENTARIO!E:E,INVENTARIO!D:D,$C20,INVENTARIO!B:B,$D20,INVENTARIO!A:A,"DELIVERY") | O20: =IF($I20=0,"",N20/$I20) | P20: =L20+N20+K20 | Q20: =IF($I20=0,"",P20/$I20) | R20: =IF($D20="","",IF($I20=0,"SIN ROTACIÓN",IF($E20="","",IF($E20="Numerada",IF($Q20<8,"CRÍTICO",IF($Q20<15,"ALERTA","OK")),IF($Q20<=90,"CRÍTICO",IF($Q20<=150,"ALERTA","OK")))))) | S20: =IF(OR($C20="",$E20="",$I20=0),"",IF($E20="Numerada",IF(AND($O20<8,$Q20>=8),"PRODUCIR - "&TEXT($O20,"0")&" d terminado",""),IF(AND($O20<=90,$Q20>90),"PRODUCIR - "&TEXT($O20,"0")&" d terminado","")))
A21: KITE.DEVCTRL | B21: 8 | C21: 162699 | D21: HALFSIM KITE M2M 4FF DEVICE CONTROL BLANCA | E21: Blanca | F21: =SUMIFS('DESPACHOS 20 DIAS'!F:F,'DESPACHOS 20 DIAS'!D:D,$C21,'DESPACHOS 20 DIAS'!E:E,$D21,'DESPACHOS 20 DIAS'!N:N,"CANAL INDIRECTO") | G21: =SUMIFS('DESPACHOS 20 DIAS'!F:F,'DESPACHOS 20 DIAS'!D:D,$C21,'DESPACHOS 20 DIAS'!E:E,$D21,'DESPACHOS 20 DIAS'!N:N,"CANAL DIRECTO") | H21: =F21+G21 | I21: =IFERROR(H21/DIAS_PERIODO,0) | J21: 0 | K21: =SUMIFS(INVENTARIO!E:E,INVENTARIO!D:D,$C21,INVENTARIO!B:B,$D21,INVENTARIO!A:A,"PRODUCCION") | L21: =SUMIFS(INVENTARIO!E:E,INVENTARIO!D:D,$C21,INVENTARIO!B:B,$D21,INVENTARIO!A:A,"MATERIA PRIMA") | M21: =IF($I21=0,"",L21/$I21) | N21: =SUMIFS(INVENTARIO!E:E,INVENTARIO!D:D,$C21,INVENTARIO!B:B,$D21,INVENTARIO!A:A,"BODEGA CENTRAL")+SUMIFS(INVENTARIO!E:E,INVENTARIO!D:D,$C21,INVENTARIO!B:B,$D21,INVENTARIO!A:A,"DELIVERY") | O21: =IF($I21=0,"",N21/$I21) | P21: =L21+N21+K21 | Q21: =IF($I21=0,"",P21/$I21) | R21: =IF($D21="","",IF($I21=0,"SIN ROTACIÓN",IF($E21="","",IF($E21="Numerada",IF($Q21<8,"CRÍTICO",IF($Q21<15,"ALERTA","OK")),IF($Q21<=90,"CRÍTICO",IF($Q21<=150,"ALERTA","OK")))))) | S21: =IF(OR($C21="",$E21="",$I21=0),"",IF($E21="Numerada",IF(AND($O21<8,$Q21>=8),"PRODUCIR - "&TEXT($O21,"0")&" d terminado",""),IF(AND($O21<=90,$Q21>90),"PRODUCIR - "&TEXT($O21,"0")&" d terminado","")))
D22: Subtotal HALFSIM KITE M2M DEVICE CONTROL | E22: Blanca | F22: =SUMIFS(F$13:F$73,$A$13:$A$73,"KITE.DEVCTRL") | G22: =SUMIFS(G$13:G$73,$A$13:$A$73,"KITE.DEVCTRL") | H22: =SUMIFS(H$13:H$73,$A$13:$A$73,"KITE.DEVCTRL") | I22: =IFERROR(H22/DIAS_PERIODO,0) | J22: =SUMIFS(J$13:J$73,$A$13:$A$73,"KITE.DEVCTRL") | K22: =SUMIFS(K$13:K$73,$A$13:$A$73,"KITE.DEVCTRL") | L22: =SUMIFS(L$13:L$73,$A$13:$A$73,"KITE.DEVCTRL") | M22: =IF($I22=0,"",L22/$I22) | N22: =SUMIFS(N$13:N$73,$A$13:$A$73,"KITE.DEVCTRL") | O22: =IF($I22=0,"",N22/$I22) | P22: =SUMIFS(P$13:P$73,$A$13:$A$73,"KITE.DEVCTRL") | Q22: =IF($I22=0,"",P22/$I22) | R22: =IF($D22="","",IF($I22=0,"SIN ROTACIÓN",IF($E22="","",IF($E22="Numerada",IF($Q22<8,"CRÍTICO",IF($Q22<15,"ALERTA","OK")),IF($Q22<=90,"CRÍTICO",IF($Q22<=150,"ALERTA","OK")))))) | S22: =IF(OR($C22="",$E22="",$I22=0),"",IF($E22="Numerada",IF(AND($O22<8,$Q22>=8),"PRODUCIR - "&TEXT($O22,"0")&" d terminado",""),IF(AND($O22<=90,$Q22>90),"PRODUCIR - "&TEXT($O22,"0")&" d terminado","")))
D23: TOTAL KITE M2M | E23: Blanca | F23: =SUMIFS(F$13:F$73,$A$13:$A$73,"KITE.*") | G23: =SUMIFS(G$13:G$73,$A$13:$A$73,"KITE.*") | H23: =SUMIFS(H$13:H$73,$A$13:$A$73,"KITE.*") | I23: =IFERROR(H23/DIAS_PERIODO,0) | J23: =SUMIFS(J$13:J$73,$A$13:$A$73,"KITE.*") | K23: =SUMIFS(K$13:K$73,$A$13:$A$73,"KITE.*") | L23: =SUMIFS(L$13:L$73,$A$13:$A$73,"KITE.*") | M23: =IF($I23=0,"",L23/$I23) | N23: =SUMIFS(N$13:N$73,$A$13:$A$73,"KITE.*") | O23: =IF($I23=0,"",N23/$I23) | P23: =SUMIFS(P$13:P$73,$A$13:$A$73,"KITE.*") | Q23: =IF($I23=0,"",P23/$I23) | R23: =IF($D23="","",IF($I23=0,"SIN ROTACIÓN",IF($E23="","",IF($E23="Numerada",IF($Q23<8,"CRÍTICO",IF($Q23<15,"ALERTA","OK")),IF($Q23<=90,"CRÍTICO",IF($Q23<=150,"ALERTA","OK")))))) | S23: =IF(OR($C23="",$E23="",$I23=0),"",IF($E23="Numerada",IF(AND($O23<8,$Q23>=8),"PRODUCIR - "&TEXT($O23,"0")&" d terminado",""),IF(AND($O23<=90,$Q23>90),"PRODUCIR - "&TEXT($O23,"0")&" d terminado","")))
A24: M2MLTE.LTE | B24: 9 | C24: 162115 | D24: SIMCARD M2M 2FF LTE | E24: Blanca | F24: =SUMIFS('DESPACHOS 20 DIAS'!F:F,'DESPACHOS 20 DIAS'!D:D,$C24,'DESPACHOS 20 DIAS'!E:E,$D24,'DESPACHOS 20 DIAS'!N:N,"CANAL INDIRECTO") | G24: =SUMIFS('DESPACHOS 20 DIAS'!F:F,'DESPACHOS 20 DIAS'!D:D,$C24,'DESPACHOS 20 DIAS'!E:E,$D24,'DESPACHOS 20 DIAS'!N:N,"CANAL DIRECTO") | H24: =F24+G24 | I24: =IFERROR(H24/DIAS_PERIODO,0) | J24: 0 | K24: =SUMIFS(INVENTARIO!E:E,INVENTARIO!D:D,$C24,INVENTARIO!B:B,$D24,INVENTARIO!A:A,"PRODUCCION") | L24: =SUMIFS(INVENTARIO!E:E,INVENTARIO!D:D,$C24,INVENTARIO!B:B,$D24,INVENTARIO!A:A,"MATERIA PRIMA") | M24: =IF($I24=0,"",L24/$I24) | N24: =SUMIFS(INVENTARIO!E:E,INVENTARIO!D:D,$C24,INVENTARIO!B:B,$D24,INVENTARIO!A:A,"BODEGA CENTRAL")+SUMIFS(INVENTARIO!E:E,INVENTARIO!D:D,$C24,INVENTARIO!B:B,$D24,INVENTARIO!A:A,"DELIVERY") | O24: =IF($I24=0,"",N24/$I24) | P24: =L24+N24+K24 | Q24: =IF($I24=0,"",P24/$I24) | R24: =IF($D24="","",IF($I24=0,"SIN ROTACIÓN",IF($E24="","",IF($E24="Numerada",IF($Q24<8,"CRÍTICO",IF($Q24<15,"ALERTA","OK")),IF($Q24<=90,"CRÍTICO",IF($Q24<=150,"ALERTA","OK")))))) | S24: =IF(OR($C24="",$E24="",$I24=0),"",IF($E24="Numerada",IF(AND($O24<8,$Q24>=8),"PRODUCIR - "&TEXT($O24,"0")&" d terminado",""),IF(AND($O24<=90,$Q24>90),"PRODUCIR - "&TEXT($O24,"0")&" d terminado","")))
A25: M2MLTE.LTE | B25: 10 | C25: 162145 | D25: HALFSIM M2M 4FF LTE | E25: Blanca | F25: =SUMIFS('DESPACHOS 20 DIAS'!F:F,'DESPACHOS 20 DIAS'!D:D,$C25,'DESPACHOS 20 DIAS'!E:E,$D25,'DESPACHOS 20 DIAS'!N:N,"CANAL INDIRECTO") | G25: =SUMIFS('DESPACHOS 20 DIAS'!F:F,'DESPACHOS 20 DIAS'!D:D,$C25,'DESPACHOS 20 DIAS'!E:E,$D25,'DESPACHOS 20 DIAS'!N:N,"CANAL DIRECTO") | H25: =F25+G25 | I25: =IFERROR(H25/DIAS_PERIODO,0) | J25: 0 | K25: =SUMIFS(INVENTARIO!E:E,INVENTARIO!D:D,$C25,INVENTARIO!B:B,$D25,INVENTARIO!A:A,"PRODUCCION") | L25: =SUMIFS(INVENTARIO!E:E,INVENTARIO!D:D,$C25,INVENTARIO!B:B,$D25,INVENTARIO!A:A,"MATERIA PRIMA") | M25: =IF($I25=0,"",L25/$I25) | N25: =SUMIFS(INVENTARIO!E:E,INVENTARIO!D:D,$C25,INVENTARIO!B:B,$D25,INVENTARIO!A:A,"BODEGA CENTRAL")+SUMIFS(INVENTARIO!E:E,INVENTARIO!D:D,$C25,INVENTARIO!B:B,$D25,INVENTARIO!A:A,"DELIVERY") | O25: =IF($I25=0,"",N25/$I25) | P25: =L25+N25+K25 | Q25: =IF($I25=0,"",P25/$I25) | R25: =IF($D25="","",IF($I25=0,"SIN ROTACIÓN",IF($E25="","",IF($E25="Numerada",IF($Q25<8,"CRÍTICO",IF($Q25<15,"ALERTA","OK")),IF($Q25<=90,"CRÍTICO",IF($Q25<=150,"ALERTA","OK")))))) | S25: =IF(OR($C25="",$E25="",$I25=0),"",IF($E25="Numerada",IF(AND($O25<8,$Q25>=8),"PRODUCIR - "&TEXT($O25,"0")&" d terminado",""),IF(AND($O25<=90,$Q25>90),"PRODUCIR - "&TEXT($O25,"0")&" d terminado","")))
A26: M2MLTE.LTE | B26: 11 | C26: 162148 | D26: SIMCARD M2M 3FF LTE | E26: Blanca | F26: =SUMIFS('DESPACHOS 20 DIAS'!F:F,'DESPACHOS 20 DIAS'!D:D,$C26,'DESPACHOS 20 DIAS'!E:E,$D26,'DESPACHOS 20 DIAS'!N:N,"CANAL INDIRECTO") | G26: =SUMIFS('DESPACHOS 20 DIAS'!F:F,'DESPACHOS 20 DIAS'!D:D,$C26,'DESPACHOS 20 DIAS'!E:E,$D26,'DESPACHOS 20 DIAS'!N:N,"CANAL DIRECTO") | H26: =F26+G26 | I26: =IFERROR(H26/DIAS_PERIODO,0) | J26: 0 | K26: =SUMIFS(INVENTARIO!E:E,INVENTARIO!D:D,$C26,INVENTARIO!B:B,$D26,INVENTARIO!A:A,"PRODUCCION") | L26: =SUMIFS(INVENTARIO!E:E,INVENTARIO!D:D,$C26,INVENTARIO!B:B,$D26,INVENTARIO!A:A,"MATERIA PRIMA") | M26: =IF($I26=0,"",L26/$I26) | N26: =SUMIFS(INVENTARIO!E:E,INVENTARIO!D:D,$C26,INVENTARIO!B:B,$D26,INVENTARIO!A:A,"BODEGA CENTRAL")+SUMIFS(INVENTARIO!E:E,INVENTARIO!D:D,$C26,INVENTARIO!B:B,$D26,INVENTARIO!A:A,"DELIVERY") | O26: =IF($I26=0,"",N26/$I26) | P26: =L26+N26+K26 | Q26: =IF($I26=0,"",P26/$I26) | R26: =IF($D26="","",IF($I26=0,"SIN ROTACIÓN",IF($E26="","",IF($E26="Numerada",IF($Q26<8,"CRÍTICO",IF($Q26<15,"ALERTA","OK")),IF($Q26<=90,"CRÍTICO",IF($Q26<=150,"ALERTA","OK")))))) | S26: =IF(OR($C26="",$E26="",$I26=0),"",IF($E26="Numerada",IF(AND($O26<8,$Q26>=8),"PRODUCIR - "&TEXT($O26,"0")&" d terminado",""),IF(AND($O26<=90,$Q26>90),"PRODUCIR - "&TEXT($O26,"0")&" d terminado","")))
D27: TOTAL M2M LTE | E27: Blanca | F27: =SUMIFS(F$13:F$73,$A$13:$A$73,"M2MLTE.*") | G27: =SUMIFS(G$13:G$73,$A$13:$A$73,"M2MLTE.*") | H27: =SUMIFS(H$13:H$73,$A$13:$A$73,"M2MLTE.*") | I27: =IFERROR(H27/DIAS_PERIODO,0) | J27: =SUMIFS(J$13:J$73,$A$13:$A$73,"M2MLTE.*") | K27: =SUMIFS(K$13:K$73,$A$13:$A$73,"M2MLTE.*") | L27: =SUMIFS(L$13:L$73,$A$13:$A$73,"M2MLTE.*") | M27: =IF($I27=0,"",L27/$I27) | N27: =SUMIFS(N$13:N$73,$A$13:$A$73,"M2MLTE.*") | O27: =IF($I27=0,"",N27/$I27) | P27: =SUMIFS(P$13:P$73,$A$13:$A$73,"M2MLTE.*") | Q27: =IF($I27=0,"",P27/$I27) | R27: =IF($D27="","",IF($I27=0,"SIN ROTACIÓN",IF($E27="","",IF($E27="Numerada",IF($Q27<8,"CRÍTICO",IF($Q27<15,"ALERTA","OK")),IF($Q27<=90,"CRÍTICO",IF($Q27<=150,"ALERTA","OK")))))) | S27: =IF(OR($C27="",$E27="",$I27=0),"",IF($E27="Numerada",IF(AND($O27<8,$Q27>=8),"PRODUCIR - "&TEXT($O27,"0")&" d terminado",""),IF(AND($O27<=90,$Q27>90),"PRODUCIR - "&TEXT($O27,"0")&" d terminado","")))
A28: MOVISTAR.HALFSIM | B28: 12 | C28: 162141 | D28: HALFSIM MOVISTAR | E28: Blanca | F28: =SUMIFS('DESPACHOS 20 DIAS'!F:F,'DESPACHOS 20 DIAS'!D:D,$C28,'DESPACHOS 20 DIAS'!E:E,$D28,'DESPACHOS 20 DIAS'!N:N,"CANAL INDIRECTO") | G28: =SUMIFS('DESPACHOS 20 DIAS'!F:F,'DESPACHOS 20 DIAS'!D:D,$C28,'DESPACHOS 20 DIAS'!E:E,$D28,'DESPACHOS 20 DIAS'!N:N,"CANAL DIRECTO") | H28: =F28+G28 | I28: =IFERROR(H28/DIAS_PERIODO,0) | J28: 0 | K28: =SUMIFS(INVENTARIO!E:E,INVENTARIO!D:D,$C28,INVENTARIO!B:B,$D28,INVENTARIO!A:A,"PRODUCCION") | L28: =SUMIFS(INVENTARIO!E:E,INVENTARIO!D:D,$C28,INVENTARIO!B:B,$D28,INVENTARIO!A:A,"MATERIA PRIMA") | M28: =IF($I28=0,"",L28/$I28) | N28: =SUMIFS(INVENTARIO!E:E,INVENTARIO!D:D,$C28,INVENTARIO!B:B,$D28,INVENTARIO!A:A,"BODEGA CENTRAL")+SUMIFS(INVENTARIO!E:E,INVENTARIO!D:D,$C28,INVENTARIO!B:B,$D28,INVENTARIO!A:A,"DELIVERY") | O28: =IF($I28=0,"",N28/$I28) | P28: =L28+N28+K28 | Q28: =IF($I28=0,"",P28/$I28) | R28: =IF($D28="","",IF($I28=0,"SIN ROTACIÓN",IF($E28="","",IF($E28="Numerada",IF($Q28<8,"CRÍTICO",IF($Q28<15,"ALERTA","OK")),IF($Q28<=90,"CRÍTICO",IF($Q28<=150,"ALERTA","OK")))))) | S28: =IF(OR($C28="",$E28="",$I28=0),"",IF($E28="Numerada",IF(AND($O28<8,$Q28>=8),"PRODUCIR - "&TEXT($O28,"0")&" d terminado",""),IF(AND($O28<=90,$Q28>90),"PRODUCIR - "&TEXT($O28,"0")&" d terminado","")))
A29: MOVISTAR.HALFSIM | B29: 13 | C29: 1621411 | D29: HALFSIM MOVISTAR PORTABILIDAD | E29: Blanca | F29: =SUMIFS('DESPACHOS 20 DIAS'!F:F,'DESPACHOS 20 DIAS'!D:D,$C29,'DESPACHOS 20 DIAS'!E:E,$D29,'DESPACHOS 20 DIAS'!N:N,"CANAL INDIRECTO") | G29: =SUMIFS('DESPACHOS 20 DIAS'!F:F,'DESPACHOS 20 DIAS'!D:D,$C29,'DESPACHOS 20 DIAS'!E:E,$D29,'DESPACHOS 20 DIAS'!N:N,"CANAL DIRECTO") | H29: =F29+G29 | I29: =IFERROR(H29/DIAS_PERIODO,0) | J29: 0 | K29: =SUMIFS(INVENTARIO!E:E,INVENTARIO!D:D,$C29,INVENTARIO!B:B,$D29,INVENTARIO!A:A,"PRODUCCION") | L29: =SUMIFS(INVENTARIO!E:E,INVENTARIO!D:D,$C29,INVENTARIO!B:B,$D29,INVENTARIO!A:A,"MATERIA PRIMA") | M29: =IF($I29=0,"",L29/$I29) | N29: =SUMIFS(INVENTARIO!E:E,INVENTARIO!D:D,$C29,INVENTARIO!B:B,$D29,INVENTARIO!A:A,"BODEGA CENTRAL")+SUMIFS(INVENTARIO!E:E,INVENTARIO!D:D,$C29,INVENTARIO!B:B,$D29,INVENTARIO!A:A,"DELIVERY") | O29: =IF($I29=0,"",N29/$I29) | P29: =L29+N29+K29 | Q29: =IF($I29=0,"",P29/$I29) | R29: =IF($D29="","",IF($I29=0,"SIN ROTACIÓN",IF($E29="","",IF($E29="Numerada",IF($Q29<8,"CRÍTICO",IF($Q29<15,"ALERTA","OK")),IF($Q29<=90,"CRÍTICO",IF($Q29<=150,"ALERTA","OK")))))) | S29: =IF(OR($C29="",$E29="",$I29=0),"",IF($E29="Numerada",IF(AND($O29<8,$Q29>=8),"PRODUCIR - "&TEXT($O29,"0")&" d terminado",""),IF(AND($O29<=90,$Q29>90),"PRODUCIR - "&TEXT($O29,"0")&" d terminado","")))
A30: MOVISTAR.HALFSIM | B30: 14 | C30: 1621412 | D30: HALFSIM MOVISTAR LINEA NUEVA | E30: Blanca | F30: =SUMIFS('DESPACHOS 20 DIAS'!F:F,'DESPACHOS 20 DIAS'!D:D,$C30,'DESPACHOS 20 DIAS'!E:E,$D30,'DESPACHOS 20 DIAS'!N:N,"CANAL INDIRECTO") | G30: =SUMIFS('DESPACHOS 20 DIAS'!F:F,'DESPACHOS 20 DIAS'!D:D,$C30,'DESPACHOS 20 DIAS'!E:E,$D30,'DESPACHOS 20 DIAS'!N:N,"CANAL DIRECTO") | H30: =F30+G30 | I30: =IFERROR(H30/DIAS_PERIODO,0) | J30: 0 | K30: =SUMIFS(INVENTARIO!E:E,INVENTARIO!D:D,$C30,INVENTARIO!B:B,$D30,INVENTARIO!A:A,"PRODUCCION") | L30: =SUMIFS(INVENTARIO!E:E,INVENTARIO!D:D,$C30,INVENTARIO!B:B,$D30,INVENTARIO!A:A,"MATERIA PRIMA") | M30: =IF($I30=0,"",L30/$I30) | N30: =SUMIFS(INVENTARIO!E:E,INVENTARIO!D:D,$C30,INVENTARIO!B:B,$D30,INVENTARIO!A:A,"BODEGA CENTRAL")+SUMIFS(INVENTARIO!E:E,INVENTARIO!D:D,$C30,INVENTARIO!B:B,$D30,INVENTARIO!A:A,"DELIVERY") | O30: =IF($I30=0,"",N30/$I30) | P30: =L30+N30+K30 | Q30: =IF($I30=0,"",P30/$I30) | R30: =IF($D30="","",IF($I30=0,"SIN ROTACIÓN",IF($E30="","",IF($E30="Numerada",IF($Q30<8,"CRÍTICO",IF($Q30<15,"ALERTA","OK")),IF($Q30<=90,"CRÍTICO",IF($Q30<=150,"ALERTA","OK")))))) | S30: =IF(OR($C30="",$E30="",$I30=0),"",IF($E30="Numerada",IF(AND($O30<8,$Q30>=8),"PRODUCIR - "&TEXT($O30,"0")&" d terminado",""),IF(AND($O30<=90,$Q30>90),"PRODUCIR - "&TEXT($O30,"0")&" d terminado","")))
D31: Subtotal HALFSIM MOVISTAR (FÍSICA) | E31: Blanca | F31: =SUMIFS(F$13:F$73,$A$13:$A$73,"MOVISTAR.HALFSIM") | G31: =SUMIFS(G$13:G$73,$A$13:$A$73,"MOVISTAR.HALFSIM") | H31: =SUMIFS(H$13:H$73,$A$13:$A$73,"MOVISTAR.HALFSIM") | I31: =IFERROR(H31/DIAS_PERIODO,0) | J31: =SUMIFS(J$13:J$73,$A$13:$A$73,"MOVISTAR.HALFSIM") | K31: =SUMIFS(K$13:K$73,$A$13:$A$73,"MOVISTAR.HALFSIM") | L31: =SUMIFS(L$13:L$73,$A$13:$A$73,"MOVISTAR.HALFSIM") | M31: =IF($I31=0,"",L31/$I31) | N31: =SUMIFS(N$13:N$73,$A$13:$A$73,"MOVISTAR.HALFSIM") | O31: =IF($I31=0,"",N31/$I31) | P31: =SUMIFS(P$13:P$73,$A$13:$A$73,"MOVISTAR.HALFSIM") | Q31: =IF($I31=0,"",P31/$I31) | R31: =IF($D31="","",IF($I31=0,"SIN ROTACIÓN",IF($E31="","",IF($E31="Numerada",IF($Q31<8,"CRÍTICO",IF($Q31<15,"ALERTA","OK")),IF($Q31<=90,"CRÍTICO",IF($Q31<=150,"ALERTA","OK")))))) | S31: =IF(OR($C31="",$E31="",$I31=0),"",IF($E31="Numerada",IF(AND($O31<8,$Q31>=8),"PRODUCIR - "&TEXT($O31,"0")&" d terminado",""),IF(AND($O31<=90,$Q31>90),"PRODUCIR - "&TEXT($O31,"0")&" d terminado","")))
A32: MOVISTAR.ESIM | B32: 15 | C32: 162119 | D32: ESIM MOVISTAR | E32: Blanca | F32: =SUMIFS('DESPACHOS 20 DIAS'!F:F,'DESPACHOS 20 DIAS'!D:D,$C32,'DESPACHOS 20 DIAS'!E:E,$D32,'DESPACHOS 20 DIAS'!N:N,"CANAL INDIRECTO") | G32: =SUMIFS('DESPACHOS 20 DIAS'!F:F,'DESPACHOS 20 DIAS'!D:D,$C32,'DESPACHOS 20 DIAS'!E:E,$D32,'DESPACHOS 20 DIAS'!N:N,"CANAL DIRECTO") | H32: =F32+G32 | I32: =IFERROR(H32/DIAS_PERIODO,0) | J32: 0 | K32: =SUMIFS(INVENTARIO!E:E,INVENTARIO!D:D,$C32,INVENTARIO!B:B,$D32,INVENTARIO!A:A,"PRODUCCION") | L32: =SUMIFS(INVENTARIO!E:E,INVENTARIO!D:D,$C32,INVENTARIO!B:B,$D32,INVENTARIO!A:A,"MATERIA PRIMA") | M32: =IF($I32=0,"",L32/$I32) | N32: =SUMIFS(INVENTARIO!E:E,INVENTARIO!D:D,$C32,INVENTARIO!B:B,$D32,INVENTARIO!A:A,"BODEGA CENTRAL")+SUMIFS(INVENTARIO!E:E,INVENTARIO!D:D,$C32,INVENTARIO!B:B,$D32,INVENTARIO!A:A,"DELIVERY") | O32: =IF($I32=0,"",N32/$I32) | P32: =L32+N32+K32 | Q32: =IF($I32=0,"",P32/$I32) | R32: =IF($D32="","",IF($I32=0,"SIN ROTACIÓN",IF($E32="","",IF($E32="Numerada",IF($Q32<8,"CRÍTICO",IF($Q32<15,"ALERTA","OK")),IF($Q32<=90,"CRÍTICO",IF($Q32<=150,"ALERTA","OK")))))) | S32: =IF(OR($C32="",$E32="",$I32=0),"",IF($E32="Numerada",IF(AND($O32<8,$Q32>=8),"PRODUCIR - "&TEXT($O32,"0")&" d terminado",""),IF(AND($O32<=90,$Q32>90),"PRODUCIR - "&TEXT($O32,"0")&" d terminado","")))
A33: MOVISTAR.ESIM | B33: 16 | C33: 162956 | D33: ESIM MOVISTAR DIGITAL | E33: Blanca | F33: =SUMIFS('DESPACHOS 20 DIAS'!F:F,'DESPACHOS 20 DIAS'!D:D,$C33,'DESPACHOS 20 DIAS'!E:E,$D33,'DESPACHOS 20 DIAS'!N:N,"CANAL INDIRECTO") | G33: =SUMIFS('DESPACHOS 20 DIAS'!F:F,'DESPACHOS 20 DIAS'!D:D,$C33,'DESPACHOS 20 DIAS'!E:E,$D33,'DESPACHOS 20 DIAS'!N:N,"CANAL DIRECTO") | H33: =F33+G33 | I33: =IFERROR(H33/DIAS_PERIODO,0) | J33: 0 | K33: =SUMIFS(INVENTARIO!E:E,INVENTARIO!D:D,$C33,INVENTARIO!B:B,$D33,INVENTARIO!A:A,"PRODUCCION") | L33: =SUMIFS(INVENTARIO!E:E,INVENTARIO!D:D,$C33,INVENTARIO!B:B,$D33,INVENTARIO!A:A,"MATERIA PRIMA") | M33: =IF($I33=0,"",L33/$I33) | N33: =SUMIFS(INVENTARIO!E:E,INVENTARIO!D:D,$C33,INVENTARIO!B:B,$D33,INVENTARIO!A:A,"BODEGA CENTRAL")+SUMIFS(INVENTARIO!E:E,INVENTARIO!D:D,$C33,INVENTARIO!B:B,$D33,INVENTARIO!A:A,"DELIVERY") | O33: =IF($I33=0,"",N33/$I33) | P33: =L33+N33+K33 | Q33: =IF($I33=0,"",P33/$I33) | R33: =IF($D33="","",IF($I33=0,"SIN ROTACIÓN",IF($E33="","",IF($E33="Numerada",IF($Q33<8,"CRÍTICO",IF($Q33<15,"ALERTA","OK")),IF($Q33<=90,"CRÍTICO",IF($Q33<=150,"ALERTA","OK")))))) | S33: =IF(OR($C33="",$E33="",$I33=0),"",IF($E33="Numerada",IF(AND($O33<8,$Q33>=8),"PRODUCIR - "&TEXT($O33,"0")&" d terminado",""),IF(AND($O33<=90,$Q33>90),"PRODUCIR - "&TEXT($O33,"0")&" d terminado","")))
D34: Subtotal ESIM MOVISTAR (DIGITAL) | E34: Blanca | F34: =SUMIFS(F$13:F$73,$A$13:$A$73,"MOVISTAR.ESIM") | G34: =SUMIFS(G$13:G$73,$A$13:$A$73,"MOVISTAR.ESIM") | H34: =SUMIFS(H$13:H$73,$A$13:$A$73,"MOVISTAR.ESIM") | I34: =IFERROR(H34/DIAS_PERIODO,0) | J34: =SUMIFS(J$13:J$73,$A$13:$A$73,"MOVISTAR.ESIM") | K34: =SUMIFS(K$13:K$73,$A$13:$A$73,"MOVISTAR.ESIM") | L34: =SUMIFS(L$13:L$73,$A$13:$A$73,"MOVISTAR.ESIM") | M34: =IF($I34=0,"",L34/$I34) | N34: =SUMIFS(N$13:N$73,$A$13:$A$73,"MOVISTAR.ESIM") | O34: =IF($I34=0,"",N34/$I34) | P34: =SUMIFS(P$13:P$73,$A$13:$A$73,"MOVISTAR.ESIM") | Q34: =IF($I34=0,"",P34/$I34) | R34: =IF($D34="","",IF($I34=0,"SIN ROTACIÓN",IF($E34="","",IF($E34="Numerada",IF($Q34<8,"CRÍTICO",IF($Q34<15,"ALERTA","OK")),IF($Q34<=90,"CRÍTICO",IF($Q34<=150,"ALERTA","OK")))))) | S34: =IF(OR($C34="",$E34="",$I34=0),"",IF($E34="Numerada",IF(AND($O34<8,$Q34>=8),"PRODUCIR - "&TEXT($O34,"0")&" d terminado",""),IF(AND($O34<=90,$Q34>90),"PRODUCIR - "&TEXT($O34,"0")&" d terminado","")))
D35: TOTAL MOVISTAR | E35: Blanca | F35: =SUMIFS(F$13:F$73,$A$13:$A$73,"MOVISTAR.*") | G35: =SUMIFS(G$13:G$73,$A$13:$A$73,"MOVISTAR.*") | H35: =SUMIFS(H$13:H$73,$A$13:$A$73,"MOVISTAR.*") | I35: =IFERROR(H35/DIAS_PERIODO,0) | J35: =SUMIFS(J$13:J$73,$A$13:$A$73,"MOVISTAR.*") | K35: =SUMIFS(K$13:K$73,$A$13:$A$73,"MOVISTAR.*") | L35: =SUMIFS(L$13:L$73,$A$13:$A$73,"MOVISTAR.*") | M35: =IF($I35=0,"",L35/$I35) | N35: =SUMIFS(N$13:N$73,$A$13:$A$73,"MOVISTAR.*") | O35: =IF($I35=0,"",N35/$I35) | P35: =SUMIFS(P$13:P$73,$A$13:$A$73,"MOVISTAR.*") | Q35: =IF($I35=0,"",P35/$I35) | R35: =IF($D35="","",IF($I35=0,"SIN ROTACIÓN",IF($E35="","",IF($E35="Numerada",IF($Q35<8,"CRÍTICO",IF($Q35<15,"ALERTA","OK")),IF($Q35<=90,"CRÍTICO",IF($Q35<=150,"ALERTA","OK")))))) | S35: =IF(OR($C35="",$E35="",$I35=0),"",IF($E35="Numerada",IF(AND($O35<8,$Q35>=8),"PRODUCIR - "&TEXT($O35,"0")&" d terminado",""),IF(AND($O35<=90,$Q35>90),"PRODUCIR - "&TEXT($O35,"0")&" d terminado","")))
A36: TIGO.HALFSIM | B36: 17 | C36: 163140 | D36: HALFSIM TIGO | E36: Blanca | F36: =SUMIFS('DESPACHOS 20 DIAS'!F:F,'DESPACHOS 20 DIAS'!D:D,$C36,'DESPACHOS 20 DIAS'!E:E,$D36,'DESPACHOS 20 DIAS'!N:N,"CANAL INDIRECTO") | G36: =SUMIFS('DESPACHOS 20 DIAS'!F:F,'DESPACHOS 20 DIAS'!D:D,$C36,'DESPACHOS 20 DIAS'!E:E,$D36,'DESPACHOS 20 DIAS'!N:N,"CANAL DIRECTO") | H36: =F36+G36 | I36: =IFERROR(H36/DIAS_PERIODO,0) | J36: 0 | K36: =SUMIFS(INVENTARIO!E:E,INVENTARIO!D:D,$C36,INVENTARIO!B:B,$D36,INVENTARIO!A:A,"PRODUCCION") | L36: =SUMIFS(INVENTARIO!E:E,INVENTARIO!D:D,$C36,INVENTARIO!B:B,$D36,INVENTARIO!A:A,"MATERIA PRIMA") | M36: =IF($I36=0,"",L36/$I36) | N36: =SUMIFS(INVENTARIO!E:E,INVENTARIO!D:D,$C36,INVENTARIO!B:B,$D36,INVENTARIO!A:A,"BODEGA CENTRAL")+SUMIFS(INVENTARIO!E:E,INVENTARIO!D:D,$C36,INVENTARIO!B:B,$D36,INVENTARIO!A:A,"DELIVERY") | O36: =IF($I36=0,"",N36/$I36) | P36: =L36+N36+K36 | Q36: =IF($I36=0,"",P36/$I36) | R36: =IF($D36="","",IF($I36=0,"SIN ROTACIÓN",IF($E36="","",IF($E36="Numerada",IF($Q36<8,"CRÍTICO",IF($Q36<15,"ALERTA","OK")),IF($Q36<=90,"CRÍTICO",IF($Q36<=150,"ALERTA","OK")))))) | S36: =IF(OR($C36="",$E36="",$I36=0),"",IF($E36="Numerada",IF(AND($O36<8,$Q36>=8),"PRODUCIR - "&TEXT($O36,"0")&" d terminado",""),IF(AND($O36<=90,$Q36>90),"PRODUCIR - "&TEXT($O36,"0")&" d terminado","")))
A37: TIGO.HALFSIM | B37: 18 | C37: 163140 | D37: HALFSIM TIGO PORTABILIDAD | E37: Blanca | F37: =SUMIFS('DESPACHOS 20 DIAS'!F:F,'DESPACHOS 20 DIAS'!D:D,$C37,'DESPACHOS 20 DIAS'!E:E,$D37,'DESPACHOS 20 DIAS'!N:N,"CANAL INDIRECTO") | G37: =SUMIFS('DESPACHOS 20 DIAS'!F:F,'DESPACHOS 20 DIAS'!D:D,$C37,'DESPACHOS 20 DIAS'!E:E,$D37,'DESPACHOS 20 DIAS'!N:N,"CANAL DIRECTO") | H37: =F37+G37 | I37: =IFERROR(H37/DIAS_PERIODO,0) | J37: 0 | K37: =SUMIFS(INVENTARIO!E:E,INVENTARIO!D:D,$C37,INVENTARIO!B:B,$D37,INVENTARIO!A:A,"PRODUCCION") | L37: =SUMIFS(INVENTARIO!E:E,INVENTARIO!D:D,$C37,INVENTARIO!B:B,$D37,INVENTARIO!A:A,"MATERIA PRIMA") | M37: =IF($I37=0,"",L37/$I37) | N37: =SUMIFS(INVENTARIO!E:E,INVENTARIO!D:D,$C37,INVENTARIO!B:B,$D37,INVENTARIO!A:A,"BODEGA CENTRAL")+SUMIFS(INVENTARIO!E:E,INVENTARIO!D:D,$C37,INVENTARIO!B:B,$D37,INVENTARIO!A:A,"DELIVERY") | O37: =IF($I37=0,"",N37/$I37) | P37: =L37+N37+K37 | Q37: =IF($I37=0,"",P37/$I37) | R37: =IF($D37="","",IF($I37=0,"SIN ROTACIÓN",IF($E37="","",IF($E37="Numerada",IF($Q37<8,"CRÍTICO",IF($Q37<15,"ALERTA","OK")),IF($Q37<=90,"CRÍTICO",IF($Q37<=150,"ALERTA","OK")))))) | S37: =IF(OR($C37="",$E37="",$I37=0),"",IF($E37="Numerada",IF(AND($O37<8,$Q37>=8),"PRODUCIR - "&TEXT($O37,"0")&" d terminado",""),IF(AND($O37<=90,$Q37>90),"PRODUCIR - "&TEXT($O37,"0")&" d terminado","")))
A38: TIGO.HALFSIM | B38: 19 | C38: 163140 | D38: HALFSIM TIGO REPOSICIÓN | E38: Blanca | F38: =SUMIFS('DESPACHOS 20 DIAS'!F:F,'DESPACHOS 20 DIAS'!D:D,$C38,'DESPACHOS 20 DIAS'!E:E,$D38,'DESPACHOS 20 DIAS'!N:N,"CANAL INDIRECTO") | G38: =SUMIFS('DESPACHOS 20 DIAS'!F:F,'DESPACHOS 20 DIAS'!D:D,$C38,'DESPACHOS 20 DIAS'!E:E,$D38,'DESPACHOS 20 DIAS'!N:N,"CANAL DIRECTO") | H38: =F38+G38 | I38: =IFERROR(H38/DIAS_PERIODO,0) | J38: 0 | K38: =SUMIFS(INVENTARIO!E:E,INVENTARIO!D:D,$C38,INVENTARIO!B:B,$D38,INVENTARIO!A:A,"PRODUCCION") | L38: =SUMIFS(INVENTARIO!E:E,INVENTARIO!D:D,$C38,INVENTARIO!B:B,$D38,INVENTARIO!A:A,"MATERIA PRIMA") | M38: =IF($I38=0,"",L38/$I38) | N38: =SUMIFS(INVENTARIO!E:E,INVENTARIO!D:D,$C38,INVENTARIO!B:B,$D38,INVENTARIO!A:A,"BODEGA CENTRAL")+SUMIFS(INVENTARIO!E:E,INVENTARIO!D:D,$C38,INVENTARIO!B:B,$D38,INVENTARIO!A:A,"DELIVERY") | O38: =IF($I38=0,"",N38/$I38) | P38: =L38+N38+K38 | Q38: =IF($I38=0,"",P38/$I38) | R38: =IF($D38="","",IF($I38=0,"SIN ROTACIÓN",IF($E38="","",IF($E38="Numerada",IF($Q38<8,"CRÍTICO",IF($Q38<15,"ALERTA","OK")),IF($Q38<=90,"CRÍTICO",IF($Q38<=150,"ALERTA","OK")))))) | S38: =IF(OR($C38="",$E38="",$I38=0),"",IF($E38="Numerada",IF(AND($O38<8,$Q38>=8),"PRODUCIR - "&TEXT($O38,"0")&" d terminado",""),IF(AND($O38<=90,$Q38>90),"PRODUCIR - "&TEXT($O38,"0")&" d terminado","")))
D39: Subtotal HALFSIM TIGO (COMERCIAL) | E39: Blanca | F39: =SUMIFS(F$13:F$73,$A$13:$A$73,"TIGO.HALFSIM") | G39: =SUMIFS(G$13:G$73,$A$13:$A$73,"TIGO.HALFSIM") | H39: =SUMIFS(H$13:H$73,$A$13:$A$73,"TIGO.HALFSIM") | I39: =IFERROR(H39/DIAS_PERIODO,0) | J39: =SUMIFS(J$13:J$73,$A$13:$A$73,"TIGO.HALFSIM") | K39: =SUMIFS(K$13:K$73,$A$13:$A$73,"TIGO.HALFSIM") | L39: =SUMIFS(L$13:L$73,$A$13:$A$73,"TIGO.HALFSIM") | M39: =IF($I39=0,"",L39/$I39) | N39: =SUMIFS(N$13:N$73,$A$13:$A$73,"TIGO.HALFSIM") | O39: =IF($I39=0,"",N39/$I39) | P39: =SUMIFS(P$13:P$73,$A$13:$A$73,"TIGO.HALFSIM") | Q39: =IF($I39=0,"",P39/$I39) | R39: =IF($D39="","",IF($I39=0,"SIN ROTACIÓN",IF($E39="","",IF($E39="Numerada",IF($Q39<8,"CRÍTICO",IF($Q39<15,"ALERTA","OK")),IF($Q39<=90,"CRÍTICO",IF($Q39<=150,"ALERTA","OK")))))) | S39: =IF(OR($C39="",$E39="",$I39=0),"",IF($E39="Numerada",IF(AND($O39<8,$Q39>=8),"PRODUCIR - "&TEXT($O39,"0")&" d terminado",""),IF(AND($O39<=90,$Q39>90),"PRODUCIR - "&TEXT($O39,"0")&" d terminado","")))
A40: TIGO.CHIP3 | B40: 20 | C40: 163140 | D40: HALFSIM TIGO CHIP PREPAGO $3 WP AUTOSERVICIO NUMERADO | E40: Numerada | F40: =SUMIFS('DESPACHOS 20 DIAS'!F:F,'DESPACHOS 20 DIAS'!D:D,$C40,'DESPACHOS 20 DIAS'!E:E,$D40,'DESPACHOS 20 DIAS'!N:N,"CANAL INDIRECTO") | G40: =SUMIFS('DESPACHOS 20 DIAS'!F:F,'DESPACHOS 20 DIAS'!D:D,$C40,'DESPACHOS 20 DIAS'!E:E,$D40,'DESPACHOS 20 DIAS'!N:N,"CANAL DIRECTO") | H40: =F40+G40 | I40: =IFERROR(H40/DIAS_PERIODO,0) | J40: 0 | K40: =SUMIFS(INVENTARIO!E:E,INVENTARIO!D:D,$C40,INVENTARIO!B:B,$D40,INVENTARIO!A:A,"PRODUCCION") | L40: =SUMIFS(INVENTARIO!E:E,INVENTARIO!D:D,$C40,INVENTARIO!B:B,$D40,INVENTARIO!A:A,"MATERIA PRIMA") | M40: =IF($I40=0,"",L40/$I40) | N40: =SUMIFS(INVENTARIO!E:E,INVENTARIO!D:D,$C40,INVENTARIO!B:B,$D40,INVENTARIO!A:A,"BODEGA CENTRAL")+SUMIFS(INVENTARIO!E:E,INVENTARIO!D:D,$C40,INVENTARIO!B:B,$D40,INVENTARIO!A:A,"DELIVERY") | O40: =IF($I40=0,"",N40/$I40) | P40: =L40+N40+K40 | Q40: =IF($I40=0,"",P40/$I40) | R40: =IF($D40="","",IF($I40=0,"SIN ROTACIÓN",IF($E40="","",IF($E40="Numerada",IF($Q40<8,"CRÍTICO",IF($Q40<15,"ALERTA","OK")),IF($Q40<=90,"CRÍTICO",IF($Q40<=150,"ALERTA","OK")))))) | S40: =IF(OR($C40="",$E40="",$I40=0),"",IF($E40="Numerada",IF(AND($O40<8,$Q40>=8),"PRODUCIR - "&TEXT($O40,"0")&" d terminado",""),IF(AND($O40<=90,$Q40>90),"PRODUCIR - "&TEXT($O40,"0")&" d terminado","")))
A41: TIGO.CHIP3 | B41: 21 | C41: 163140 | D41: HALFSIM TIGO CHIP PREPAGO $3 WP CANAL DIRECTO NUMERADO | E41: Numerada | F41: =SUMIFS('DESPACHOS 20 DIAS'!F:F,'DESPACHOS 20 DIAS'!D:D,$C41,'DESPACHOS 20 DIAS'!E:E,$D41,'DESPACHOS 20 DIAS'!N:N,"CANAL INDIRECTO") | G41: =SUMIFS('DESPACHOS 20 DIAS'!F:F,'DESPACHOS 20 DIAS'!D:D,$C41,'DESPACHOS 20 DIAS'!E:E,$D41,'DESPACHOS 20 DIAS'!N:N,"CANAL DIRECTO") | H41: =F41+G41 | I41: =IFERROR(H41/DIAS_PERIODO,0) | J41: 0 | K41: =SUMIFS(INVENTARIO!E:E,INVENTARIO!D:D,$C41,INVENTARIO!B:B,$D41,INVENTARIO!A:A,"PRODUCCION") | L41: =SUMIFS(INVENTARIO!E:E,INVENTARIO!D:D,$C41,INVENTARIO!B:B,$D41,INVENTARIO!A:A,"MATERIA PRIMA") | M41: =IF($I41=0,"",L41/$I41) | N41: =SUMIFS(INVENTARIO!E:E,INVENTARIO!D:D,$C41,INVENTARIO!B:B,$D41,INVENTARIO!A:A,"BODEGA CENTRAL")+SUMIFS(INVENTARIO!E:E,INVENTARIO!D:D,$C41,INVENTARIO!B:B,$D41,INVENTARIO!A:A,"DELIVERY") | O41: =IF($I41=0,"",N41/$I41) | P41: =L41+N41+K41 | Q41: =IF($I41=0,"",P41/$I41) | R41: =IF($D41="","",IF($I41=0,"SIN ROTACIÓN",IF($E41="","",IF($E41="Numerada",IF($Q41<8,"CRÍTICO",IF($Q41<15,"ALERTA","OK")),IF($Q41<=90,"CRÍTICO",IF($Q41<=150,"ALERTA","OK")))))) | S41: =IF(OR($C41="",$E41="",$I41=0),"",IF($E41="Numerada",IF(AND($O41<8,$Q41>=8),"PRODUCIR - "&TEXT($O41,"0")&" d terminado",""),IF(AND($O41<=90,$Q41>90),"PRODUCIR - "&TEXT($O41,"0")&" d terminado","")))
A42: TIGO.CHIP3 | B42: 22 | C42: 163140 | D42: HALFSIM TIGO CHIP PREPAGO $3 WP DUOCELL NUMERADO | E42: Numerada | F42: =SUMIFS('DESPACHOS 20 DIAS'!F:F,'DESPACHOS 20 DIAS'!D:D,$C42,'DESPACHOS 20 DIAS'!E:E,$D42,'DESPACHOS 20 DIAS'!N:N,"CANAL INDIRECTO") | G42: =SUMIFS('DESPACHOS 20 DIAS'!F:F,'DESPACHOS 20 DIAS'!D:D,$C42,'DESPACHOS 20 DIAS'!E:E,$D42,'DESPACHOS 20 DIAS'!N:N,"CANAL DIRECTO") | H42: =F42+G42 | I42: =IFERROR(H42/DIAS_PERIODO,0) | J42: 0 | K42: =SUMIFS(INVENTARIO!E:E,INVENTARIO!D:D,$C42,INVENTARIO!B:B,$D42,INVENTARIO!A:A,"PRODUCCION") | L42: =SUMIFS(INVENTARIO!E:E,INVENTARIO!D:D,$C42,INVENTARIO!B:B,$D42,INVENTARIO!A:A,"MATERIA PRIMA") | M42: =IF($I42=0,"",L42/$I42) | N42: =SUMIFS(INVENTARIO!E:E,INVENTARIO!D:D,$C42,INVENTARIO!B:B,$D42,INVENTARIO!A:A,"BODEGA CENTRAL")+SUMIFS(INVENTARIO!E:E,INVENTARIO!D:D,$C42,INVENTARIO!B:B,$D42,INVENTARIO!A:A,"DELIVERY") | O42: =IF($I42=0,"",N42/$I42) | P42: =L42+N42+K42 | Q42: =IF($I42=0,"",P42/$I42) | R42: =IF($D42="","",IF($I42=0,"SIN ROTACIÓN",IF($E42="","",IF($E42="Numerada",IF($Q42<8,"CRÍTICO",IF($Q42<15,"ALERTA","OK")),IF($Q42<=90,"CRÍTICO",IF($Q42<=150,"ALERTA","OK")))))) | S42: =IF(OR($C42="",$E42="",$I42=0),"",IF($E42="Numerada",IF(AND($O42<8,$Q42>=8),"PRODUCIR - "&TEXT($O42,"0")&" d terminado",""),IF(AND($O42<=90,$Q42>90),"PRODUCIR - "&TEXT($O42,"0")&" d terminado","")))
A43: TIGO.CHIP3 | B43: 23 | C43: 163140 | D43: HALFSIM TIGO CHIP PREPAGO $3 WP NUMERADO | E43: Numerada | F43: =SUMIFS('DESPACHOS 20 DIAS'!F:F,'DESPACHOS 20 DIAS'!D:D,$C43,'DESPACHOS 20 DIAS'!E:E,$D43,'DESPACHOS 20 DIAS'!N:N,"CANAL INDIRECTO") | G43: =SUMIFS('DESPACHOS 20 DIAS'!F:F,'DESPACHOS 20 DIAS'!D:D,$C43,'DESPACHOS 20 DIAS'!E:E,$D43,'DESPACHOS 20 DIAS'!N:N,"CANAL DIRECTO") | H43: =F43+G43 | I43: =IFERROR(H43/DIAS_PERIODO,0) | J43: 0 | K43: =SUMIFS(INVENTARIO!E:E,INVENTARIO!D:D,$C43,INVENTARIO!B:B,$D43,INVENTARIO!A:A,"PRODUCCION") | L43: =SUMIFS(INVENTARIO!E:E,INVENTARIO!D:D,$C43,INVENTARIO!B:B,$D43,INVENTARIO!A:A,"MATERIA PRIMA") | M43: =IF($I43=0,"",L43/$I43) | N43: =SUMIFS(INVENTARIO!E:E,INVENTARIO!D:D,$C43,INVENTARIO!B:B,$D43,INVENTARIO!A:A,"BODEGA CENTRAL")+SUMIFS(INVENTARIO!E:E,INVENTARIO!D:D,$C43,INVENTARIO!B:B,$D43,INVENTARIO!A:A,"DELIVERY") | O43: =IF($I43=0,"",N43/$I43) | P43: =L43+N43+K43 | Q43: =IF($I43=0,"",P43/$I43) | R43: =IF($D43="","",IF($I43=0,"SIN ROTACIÓN",IF($E43="","",IF($E43="Numerada",IF($Q43<8,"CRÍTICO",IF($Q43<15,"ALERTA","OK")),IF($Q43<=90,"CRÍTICO",IF($Q43<=150,"ALERTA","OK")))))) | S43: =IF(OR($C43="",$E43="",$I43=0),"",IF($E43="Numerada",IF(AND($O43<8,$Q43>=8),"PRODUCIR - "&TEXT($O43,"0")&" d terminado",""),IF(AND($O43<=90,$Q43>90),"PRODUCIR - "&TEXT($O43,"0")&" d terminado","")))
D44: Subtotal HALFSIM TIGO CHIP PREPAGO $3 (NUMERADA) | E44: Numerada | F44: =SUMIFS(F$13:F$73,$A$13:$A$73,"TIGO.CHIP3") | G44: =SUMIFS(G$13:G$73,$A$13:$A$73,"TIGO.CHIP3") | H44: =SUMIFS(H$13:H$73,$A$13:$A$73,"TIGO.CHIP3") | I44: =IFERROR(H44/DIAS_PERIODO,0) | J44: =SUMIFS(J$13:J$73,$A$13:$A$73,"TIGO.CHIP3") | K44: =SUMIFS(K$13:K$73,$A$13:$A$73,"TIGO.CHIP3") | L44: =SUMIFS(L$13:L$73,$A$13:$A$73,"TIGO.CHIP3") | M44: =IF($I44=0,"",L44/$I44) | N44: =SUMIFS(N$13:N$73,$A$13:$A$73,"TIGO.CHIP3") | O44: =IF($I44=0,"",N44/$I44) | P44: =SUMIFS(P$13:P$73,$A$13:$A$73,"TIGO.CHIP3") | Q44: =IF($I44=0,"",P44/$I44) | R44: =IF($D44="","",IF($I44=0,"SIN ROTACIÓN",IF($E44="","",IF($E44="Numerada",IF($Q44<8,"CRÍTICO",IF($Q44<15,"ALERTA","OK")),IF($Q44<=90,"CRÍTICO",IF($Q44<=150,"ALERTA","OK")))))) | S44: =IF(OR($C44="",$E44="",$I44=0),"",IF($E44="Numerada",IF(AND($O44<8,$Q44>=8),"PRODUCIR - "&TEXT($O44,"0")&" d terminado",""),IF(AND($O44<=90,$Q44>90),"PRODUCIR - "&TEXT($O44,"0")&" d terminado","")))
A45: TIGO.ESIM | B45: 24 | C45: 163141 | D45: ESIM TIGO DIGITAL | E45: Blanca | F45: =SUMIFS('DESPACHOS 20 DIAS'!F:F,'DESPACHOS 20 DIAS'!D:D,$C45,'DESPACHOS 20 DIAS'!E:E,$D45,'DESPACHOS 20 DIAS'!N:N,"CANAL INDIRECTO") | G45: =SUMIFS('DESPACHOS 20 DIAS'!F:F,'DESPACHOS 20 DIAS'!D:D,$C45,'DESPACHOS 20 DIAS'!E:E,$D45,'DESPACHOS 20 DIAS'!N:N,"CANAL DIRECTO") | H45: =F45+G45 | I45: =IFERROR(H45/DIAS_PERIODO,0) | J45: 0 | K45: =SUMIFS(INVENTARIO!E:E,INVENTARIO!D:D,$C45,INVENTARIO!B:B,$D45,INVENTARIO!A:A,"PRODUCCION") | L45: =SUMIFS(INVENTARIO!E:E,INVENTARIO!D:D,$C45,INVENTARIO!B:B,$D45,INVENTARIO!A:A,"MATERIA PRIMA") | M45: =IF($I45=0,"",L45/$I45) | N45: =SUMIFS(INVENTARIO!E:E,INVENTARIO!D:D,$C45,INVENTARIO!B:B,$D45,INVENTARIO!A:A,"BODEGA CENTRAL")+SUMIFS(INVENTARIO!E:E,INVENTARIO!D:D,$C45,INVENTARIO!B:B,$D45,INVENTARIO!A:A,"DELIVERY") | O45: =IF($I45=0,"",N45/$I45) | P45: =L45+N45+K45 | Q45: =IF($I45=0,"",P45/$I45) | R45: =IF($D45="","",IF($I45=0,"SIN ROTACIÓN",IF($E45="","",IF($E45="Numerada",IF($Q45<8,"CRÍTICO",IF($Q45<15,"ALERTA","OK")),IF($Q45<=90,"CRÍTICO",IF($Q45<=150,"ALERTA","OK")))))) | S45: =IF(OR($C45="",$E45="",$I45=0),"",IF($E45="Numerada",IF(AND($O45<8,$Q45>=8),"PRODUCIR - "&TEXT($O45,"0")&" d terminado",""),IF(AND($O45<=90,$Q45>90),"PRODUCIR - "&TEXT($O45,"0")&" d terminado","")))
A46: TIGO.ESIM | B46: 25 | C46: 163141 | D46: ESIM TIGO DIGITAL PREPAGO $3 WP NUMERADA | E46: Numerada | F46: =SUMIFS('DESPACHOS 20 DIAS'!F:F,'DESPACHOS 20 DIAS'!D:D,$C46,'DESPACHOS 20 DIAS'!E:E,$D46,'DESPACHOS 20 DIAS'!N:N,"CANAL INDIRECTO") | G46: =SUMIFS('DESPACHOS 20 DIAS'!F:F,'DESPACHOS 20 DIAS'!D:D,$C46,'DESPACHOS 20 DIAS'!E:E,$D46,'DESPACHOS 20 DIAS'!N:N,"CANAL DIRECTO") | H46: =F46+G46 | I46: =IFERROR(H46/DIAS_PERIODO,0) | J46: 0 | K46: =SUMIFS(INVENTARIO!E:E,INVENTARIO!D:D,$C46,INVENTARIO!B:B,$D46,INVENTARIO!A:A,"PRODUCCION") | L46: =SUMIFS(INVENTARIO!E:E,INVENTARIO!D:D,$C46,INVENTARIO!B:B,$D46,INVENTARIO!A:A,"MATERIA PRIMA") | M46: =IF($I46=0,"",L46/$I46) | N46: =SUMIFS(INVENTARIO!E:E,INVENTARIO!D:D,$C46,INVENTARIO!B:B,$D46,INVENTARIO!A:A,"BODEGA CENTRAL")+SUMIFS(INVENTARIO!E:E,INVENTARIO!D:D,$C46,INVENTARIO!B:B,$D46,INVENTARIO!A:A,"DELIVERY") | O46: =IF($I46=0,"",N46/$I46) | P46: =L46+N46+K46 | Q46: =IF($I46=0,"",P46/$I46) | R46: =IF($D46="","",IF($I46=0,"SIN ROTACIÓN",IF($E46="","",IF($E46="Numerada",IF($Q46<8,"CRÍTICO",IF($Q46<15,"ALERTA","OK")),IF($Q46<=90,"CRÍTICO",IF($Q46<=150,"ALERTA","OK")))))) | S46: =IF(OR($C46="",$E46="",$I46=0),"",IF($E46="Numerada",IF(AND($O46<8,$Q46>=8),"PRODUCIR - "&TEXT($O46,"0")&" d terminado",""),IF(AND($O46<=90,$Q46>90),"PRODUCIR - "&TEXT($O46,"0")&" d terminado","")))
D47: Subtotal ESIM TIGO DIGITAL | F47: =SUMIFS(F$13:F$73,$A$13:$A$73,"TIGO.ESIM") | G47: =SUMIFS(G$13:G$73,$A$13:$A$73,"TIGO.ESIM") | H47: =SUMIFS(H$13:H$73,$A$13:$A$73,"TIGO.ESIM") | I47: =IFERROR(H47/DIAS_PERIODO,0) | J47: =SUMIFS(J$13:J$73,$A$13:$A$73,"TIGO.ESIM") | K47: =SUMIFS(K$13:K$73,$A$13:$A$73,"TIGO.ESIM") | L47: =SUMIFS(L$13:L$73,$A$13:$A$73,"TIGO.ESIM") | M47: =IF($I47=0,"",L47/$I47) | N47: =SUMIFS(N$13:N$73,$A$13:$A$73,"TIGO.ESIM") | O47: =IF($I47=0,"",N47/$I47) | P47: =SUMIFS(P$13:P$73,$A$13:$A$73,"TIGO.ESIM") | Q47: =IF($I47=0,"",P47/$I47) | R47: =IF($D47="","",IF($I47=0,"SIN ROTACIÓN",IF($E47="","",IF($E47="Numerada",IF($Q47<8,"CRÍTICO",IF($Q47<15,"ALERTA","OK")),IF($Q47<=90,"CRÍTICO",IF($Q47<=150,"ALERTA","OK")))))) | S47: =IF(OR($C47="",$E47="",$I47=0),"",IF($E47="Numerada",IF(AND($O47<8,$Q47>=8),"PRODUCIR - "&TEXT($O47,"0")&" d terminado",""),IF(AND($O47<=90,$Q47>90),"PRODUCIR - "&TEXT($O47,"0")&" d terminado","")))
A48: TIGO.M2M | B48: 26 | C48: 163154 | D48: HALFSIM TIGO M2M 2FF | E48: Blanca | F48: =SUMIFS('DESPACHOS 20 DIAS'!F:F,'DESPACHOS 20 DIAS'!D:D,$C48,'DESPACHOS 20 DIAS'!E:E,$D48,'DESPACHOS 20 DIAS'!N:N,"CANAL INDIRECTO") | G48: =SUMIFS('DESPACHOS 20 DIAS'!F:F,'DESPACHOS 20 DIAS'!D:D,$C48,'DESPACHOS 20 DIAS'!E:E,$D48,'DESPACHOS 20 DIAS'!N:N,"CANAL DIRECTO") | H48: =F48+G48 | I48: =IFERROR(H48/DIAS_PERIODO,0) | J48: 0 | K48: =SUMIFS(INVENTARIO!E:E,INVENTARIO!D:D,$C48,INVENTARIO!B:B,$D48,INVENTARIO!A:A,"PRODUCCION") | L48: =SUMIFS(INVENTARIO!E:E,INVENTARIO!D:D,$C48,INVENTARIO!B:B,$D48,INVENTARIO!A:A,"MATERIA PRIMA") | M48: =IF($I48=0,"",L48/$I48) | N48: =SUMIFS(INVENTARIO!E:E,INVENTARIO!D:D,$C48,INVENTARIO!B:B,$D48,INVENTARIO!A:A,"BODEGA CENTRAL")+SUMIFS(INVENTARIO!E:E,INVENTARIO!D:D,$C48,INVENTARIO!B:B,$D48,INVENTARIO!A:A,"DELIVERY") | O48: =IF($I48=0,"",N48/$I48) | P48: =L48+N48+K48 | Q48: =IF($I48=0,"",P48/$I48) | R48: =IF($D48="","",IF($I48=0,"SIN ROTACIÓN",IF($E48="","",IF($E48="Numerada",IF($Q48<8,"CRÍTICO",IF($Q48<15,"ALERTA","OK")),IF($Q48<=90,"CRÍTICO",IF($Q48<=150,"ALERTA","OK")))))) | S48: =IF(OR($C48="",$E48="",$I48=0),"",IF($E48="Numerada",IF(AND($O48<8,$Q48>=8),"PRODUCIR - "&TEXT($O48,"0")&" d terminado",""),IF(AND($O48<=90,$Q48>90),"PRODUCIR - "&TEXT($O48,"0")&" d terminado","")))
A49: TIGO.M2M | B49: 27 | C49: 163155 | D49: HALFSIM TIGO M2M 3FF | E49: Blanca | F49: =SUMIFS('DESPACHOS 20 DIAS'!F:F,'DESPACHOS 20 DIAS'!D:D,$C49,'DESPACHOS 20 DIAS'!E:E,$D49,'DESPACHOS 20 DIAS'!N:N,"CANAL INDIRECTO") | G49: =SUMIFS('DESPACHOS 20 DIAS'!F:F,'DESPACHOS 20 DIAS'!D:D,$C49,'DESPACHOS 20 DIAS'!E:E,$D49,'DESPACHOS 20 DIAS'!N:N,"CANAL DIRECTO") | H49: =F49+G49 | I49: =IFERROR(H49/DIAS_PERIODO,0) | J49: 0 | K49: =SUMIFS(INVENTARIO!E:E,INVENTARIO!D:D,$C49,INVENTARIO!B:B,$D49,INVENTARIO!A:A,"PRODUCCION") | L49: =SUMIFS(INVENTARIO!E:E,INVENTARIO!D:D,$C49,INVENTARIO!B:B,$D49,INVENTARIO!A:A,"MATERIA PRIMA") | M49: =IF($I49=0,"",L49/$I49) | N49: =SUMIFS(INVENTARIO!E:E,INVENTARIO!D:D,$C49,INVENTARIO!B:B,$D49,INVENTARIO!A:A,"BODEGA CENTRAL")+SUMIFS(INVENTARIO!E:E,INVENTARIO!D:D,$C49,INVENTARIO!B:B,$D49,INVENTARIO!A:A,"DELIVERY") | O49: =IF($I49=0,"",N49/$I49) | P49: =L49+N49+K49 | Q49: =IF($I49=0,"",P49/$I49) | R49: =IF($D49="","",IF($I49=0,"SIN ROTACIÓN",IF($E49="","",IF($E49="Numerada",IF($Q49<8,"CRÍTICO",IF($Q49<15,"ALERTA","OK")),IF($Q49<=90,"CRÍTICO",IF($Q49<=150,"ALERTA","OK")))))) | S49: =IF(OR($C49="",$E49="",$I49=0),"",IF($E49="Numerada",IF(AND($O49<8,$Q49>=8),"PRODUCIR - "&TEXT($O49,"0")&" d terminado",""),IF(AND($O49<=90,$Q49>90),"PRODUCIR - "&TEXT($O49,"0")&" d terminado","")))
A50: TIGO.M2M | B50: 28 | C50: 163156 | D50: HALFSIM TIGO M2M 4FF | E50: Blanca | F50: =SUMIFS('DESPACHOS 20 DIAS'!F:F,'DESPACHOS 20 DIAS'!D:D,$C50,'DESPACHOS 20 DIAS'!E:E,$D50,'DESPACHOS 20 DIAS'!N:N,"CANAL INDIRECTO") | G50: =SUMIFS('DESPACHOS 20 DIAS'!F:F,'DESPACHOS 20 DIAS'!D:D,$C50,'DESPACHOS 20 DIAS'!E:E,$D50,'DESPACHOS 20 DIAS'!N:N,"CANAL DIRECTO") | H50: =F50+G50 | I50: =IFERROR(H50/DIAS_PERIODO,0) | J50: 0 | K50: =SUMIFS(INVENTARIO!E:E,INVENTARIO!D:D,$C50,INVENTARIO!B:B,$D50,INVENTARIO!A:A,"PRODUCCION") | L50: =SUMIFS(INVENTARIO!E:E,INVENTARIO!D:D,$C50,INVENTARIO!B:B,$D50,INVENTARIO!A:A,"MATERIA PRIMA") | M50: =IF($I50=0,"",L50/$I50) | N50: =SUMIFS(INVENTARIO!E:E,INVENTARIO!D:D,$C50,INVENTARIO!B:B,$D50,INVENTARIO!A:A,"BODEGA CENTRAL")+SUMIFS(INVENTARIO!E:E,INVENTARIO!D:D,$C50,INVENTARIO!B:B,$D50,INVENTARIO!A:A,"DELIVERY") | O50: =IF($I50=0,"",N50/$I50) | P50: =L50+N50+K50 | Q50: =IF($I50=0,"",P50/$I50) | R50: =IF($D50="","",IF($I50=0,"SIN ROTACIÓN",IF($E50="","",IF($E50="Numerada",IF($Q50<8,"CRÍTICO",IF($Q50<15,"ALERTA","OK")),IF($Q50<=90,"CRÍTICO",IF($Q50<=150,"ALERTA","OK")))))) | S50: =IF(OR($C50="",$E50="",$I50=0),"",IF($E50="Numerada",IF(AND($O50<8,$Q50>=8),"PRODUCIR - "&TEXT($O50,"0")&" d terminado",""),IF(AND($O50<=90,$Q50>90),"PRODUCIR - "&TEXT($O50,"0")&" d terminado","")))
D51: Subtotal HALFSIM TIGO M2M | E51: Blanca | F51: =SUMIFS(F$13:F$73,$A$13:$A$73,"TIGO.M2M") | G51: =SUMIFS(G$13:G$73,$A$13:$A$73,"TIGO.M2M") | H51: =SUMIFS(H$13:H$73,$A$13:$A$73,"TIGO.M2M") | I51: =IFERROR(H51/DIAS_PERIODO,0) | J51: =SUMIFS(J$13:J$73,$A$13:$A$73,"TIGO.M2M") | K51: =SUMIFS(K$13:K$73,$A$13:$A$73,"TIGO.M2M") | L51: =SUMIFS(L$13:L$73,$A$13:$A$73,"TIGO.M2M") | M51: =IF($I51=0,"",L51/$I51) | N51: =SUMIFS(N$13:N$73,$A$13:$A$73,"TIGO.M2M") | O51: =IF($I51=0,"",N51/$I51) | P51: =SUMIFS(P$13:P$73,$A$13:$A$73,"TIGO.M2M") | Q51: =IF($I51=0,"",P51/$I51) | R51: =IF($D51="","",IF($I51=0,"SIN ROTACIÓN",IF($E51="","",IF($E51="Numerada",IF($Q51<8,"CRÍTICO",IF($Q51<15,"ALERTA","OK")),IF($Q51<=90,"CRÍTICO",IF($Q51<=150,"ALERTA","OK")))))) | S51: =IF(OR($C51="",$E51="",$I51=0),"",IF($E51="Numerada",IF(AND($O51<8,$Q51>=8),"PRODUCIR - "&TEXT($O51,"0")&" d terminado",""),IF(AND($O51<=90,$Q51>90),"PRODUCIR - "&TEXT($O51,"0")&" d terminado","")))
D52: TOTAL TIGO | F52: =SUMIFS(F$13:F$73,$A$13:$A$73,"TIGO.*") | G52: =SUMIFS(G$13:G$73,$A$13:$A$73,"TIGO.*") | H52: =SUMIFS(H$13:H$73,$A$13:$A$73,"TIGO.*") | I52: =IFERROR(H52/DIAS_PERIODO,0) | J52: =SUMIFS(J$13:J$73,$A$13:$A$73,"TIGO.*") | K52: =SUMIFS(K$13:K$73,$A$13:$A$73,"TIGO.*") | L52: =SUMIFS(L$13:L$73,$A$13:$A$73,"TIGO.*") | M52: =IF($I52=0,"",L52/$I52) | N52: =SUMIFS(N$13:N$73,$A$13:$A$73,"TIGO.*") | O52: =IF($I52=0,"",N52/$I52) | P52: =SUMIFS(P$13:P$73,$A$13:$A$73,"TIGO.*") | Q52: =IF($I52=0,"",P52/$I52) | R52: =IF($D52="","",IF($I52=0,"SIN ROTACIÓN",IF($E52="","",IF($E52="Numerada",IF($Q52<8,"CRÍTICO",IF($Q52<15,"ALERTA","OK")),IF($Q52<=90,"CRÍTICO",IF($Q52<=150,"ALERTA","OK")))))) | S52: =IF(OR($C52="",$E52="",$I52=0),"",IF($E52="Numerada",IF(AND($O52<8,$Q52>=8),"PRODUCIR - "&TEXT($O52,"0")&" d terminado",""),IF(AND($O52<=90,$Q52>90),"PRODUCIR - "&TEXT($O52,"0")&" d terminado","")))
A53: AKI.HALFSIM | B53: 29 | C53: 162524 | D53: HALFSIM AKIMOVIL | E53: Blanca | F53: =SUMIFS('DESPACHOS 20 DIAS'!F:F,'DESPACHOS 20 DIAS'!D:D,$C53,'DESPACHOS 20 DIAS'!E:E,$D53,'DESPACHOS 20 DIAS'!N:N,"CANAL INDIRECTO") | G53: =SUMIFS('DESPACHOS 20 DIAS'!F:F,'DESPACHOS 20 DIAS'!D:D,$C53,'DESPACHOS 20 DIAS'!E:E,$D53,'DESPACHOS 20 DIAS'!N:N,"CANAL DIRECTO") | H53: =F53+G53 | I53: =IFERROR(H53/DIAS_PERIODO,0) | J53: 0 | K53: =SUMIFS(INVENTARIO!E:E,INVENTARIO!D:D,$C53,INVENTARIO!B:B,$D53,INVENTARIO!A:A,"PRODUCCION") | L53: =SUMIFS(INVENTARIO!E:E,INVENTARIO!D:D,$C53,INVENTARIO!B:B,$D53,INVENTARIO!A:A,"MATERIA PRIMA") | M53: =IF($I53=0,"",L53/$I53) | N53: =SUMIFS(INVENTARIO!E:E,INVENTARIO!D:D,$C53,INVENTARIO!B:B,$D53,INVENTARIO!A:A,"BODEGA CENTRAL")+SUMIFS(INVENTARIO!E:E,INVENTARIO!D:D,$C53,INVENTARIO!B:B,$D53,INVENTARIO!A:A,"DELIVERY") | O53: =IF($I53=0,"",N53/$I53) | P53: =L53+N53+K53 | Q53: =IF($I53=0,"",P53/$I53) | R53: =IF($D53="","",IF($I53=0,"SIN ROTACIÓN",IF($E53="","",IF($E53="Numerada",IF($Q53<8,"CRÍTICO",IF($Q53<15,"ALERTA","OK")),IF($Q53<=90,"CRÍTICO",IF($Q53<=150,"ALERTA","OK")))))) | S53: =IF(OR($C53="",$E53="",$I53=0),"",IF($E53="Numerada",IF(AND($O53<8,$Q53>=8),"PRODUCIR - "&TEXT($O53,"0")&" d terminado",""),IF(AND($O53<=90,$Q53>90),"PRODUCIR - "&TEXT($O53,"0")&" d terminado","")))
A54: AKI.HALFSIM | B54: 30 | C54: 162524 | D54: HALFSIM AKIMOVIL PORTABILIDAD | E54: Blanca | F54: =SUMIFS('DESPACHOS 20 DIAS'!F:F,'DESPACHOS 20 DIAS'!D:D,$C54,'DESPACHOS 20 DIAS'!E:E,$D54,'DESPACHOS 20 DIAS'!N:N,"CANAL INDIRECTO") | G54: =SUMIFS('DESPACHOS 20 DIAS'!F:F,'DESPACHOS 20 DIAS'!D:D,$C54,'DESPACHOS 20 DIAS'!E:E,$D54,'DESPACHOS 20 DIAS'!N:N,"CANAL DIRECTO") | H54: =F54+G54 | I54: =IFERROR(H54/DIAS_PERIODO,0) | J54: 0 | K54: =SUMIFS(INVENTARIO!E:E,INVENTARIO!D:D,$C54,INVENTARIO!B:B,$D54,INVENTARIO!A:A,"PRODUCCION") | L54: =SUMIFS(INVENTARIO!E:E,INVENTARIO!D:D,$C54,INVENTARIO!B:B,$D54,INVENTARIO!A:A,"MATERIA PRIMA") | M54: =IF($I54=0,"",L54/$I54) | N54: =SUMIFS(INVENTARIO!E:E,INVENTARIO!D:D,$C54,INVENTARIO!B:B,$D54,INVENTARIO!A:A,"BODEGA CENTRAL")+SUMIFS(INVENTARIO!E:E,INVENTARIO!D:D,$C54,INVENTARIO!B:B,$D54,INVENTARIO!A:A,"DELIVERY") | O54: =IF($I54=0,"",N54/$I54) | P54: =L54+N54+K54 | Q54: =IF($I54=0,"",P54/$I54) | R54: =IF($D54="","",IF($I54=0,"SIN ROTACIÓN",IF($E54="","",IF($E54="Numerada",IF($Q54<8,"CRÍTICO",IF($Q54<15,"ALERTA","OK")),IF($Q54<=90,"CRÍTICO",IF($Q54<=150,"ALERTA","OK")))))) | S54: =IF(OR($C54="",$E54="",$I54=0),"",IF($E54="Numerada",IF(AND($O54<8,$Q54>=8),"PRODUCIR - "&TEXT($O54,"0")&" d terminado",""),IF(AND($O54<=90,$Q54>90),"PRODUCIR - "&TEXT($O54,"0")&" d terminado","")))
A55: AKI.HALFSIM | B55: 31 | C55: 162524 | D55: HALFSIM AKIMOVIL REPOSICION | E55: Blanca | F55: =SUMIFS('DESPACHOS 20 DIAS'!F:F,'DESPACHOS 20 DIAS'!D:D,$C55,'DESPACHOS 20 DIAS'!E:E,$D55,'DESPACHOS 20 DIAS'!N:N,"CANAL INDIRECTO") | G55: =SUMIFS('DESPACHOS 20 DIAS'!F:F,'DESPACHOS 20 DIAS'!D:D,$C55,'DESPACHOS 20 DIAS'!E:E,$D55,'DESPACHOS 20 DIAS'!N:N,"CANAL DIRECTO") | H55: =F55+G55 | I55: =IFERROR(H55/DIAS_PERIODO,0) | J55: 0 | K55: =SUMIFS(INVENTARIO!E:E,INVENTARIO!D:D,$C55,INVENTARIO!B:B,$D55,INVENTARIO!A:A,"PRODUCCION") | L55: =SUMIFS(INVENTARIO!E:E,INVENTARIO!D:D,$C55,INVENTARIO!B:B,$D55,INVENTARIO!A:A,"MATERIA PRIMA") | M55: =IF($I55=0,"",L55/$I55) | N55: =SUMIFS(INVENTARIO!E:E,INVENTARIO!D:D,$C55,INVENTARIO!B:B,$D55,INVENTARIO!A:A,"BODEGA CENTRAL")+SUMIFS(INVENTARIO!E:E,INVENTARIO!D:D,$C55,INVENTARIO!B:B,$D55,INVENTARIO!A:A,"DELIVERY") | O55: =IF($I55=0,"",N55/$I55) | P55: =L55+N55+K55 | Q55: =IF($I55=0,"",P55/$I55) | R55: =IF($D55="","",IF($I55=0,"SIN ROTACIÓN",IF($E55="","",IF($E55="Numerada",IF($Q55<8,"CRÍTICO",IF($Q55<15,"ALERTA","OK")),IF($Q55<=90,"CRÍTICO",IF($Q55<=150,"ALERTA","OK")))))) | S55: =IF(OR($C55="",$E55="",$I55=0),"",IF($E55="Numerada",IF(AND($O55<8,$Q55>=8),"PRODUCIR - "&TEXT($O55,"0")&" d terminado",""),IF(AND($O55<=90,$Q55>90),"PRODUCIR - "&TEXT($O55,"0")&" d terminado","")))
D56: Subtotal HALFSIM AKIMOVIL (FÍSICA) | E56: Blanca | F56: =SUMIFS(F$13:F$73,$A$13:$A$73,"AKI.HALFSIM") | G56: =SUMIFS(G$13:G$73,$A$13:$A$73,"AKI.HALFSIM") | H56: =SUMIFS(H$13:H$73,$A$13:$A$73,"AKI.HALFSIM") | I56: =IFERROR(H56/DIAS_PERIODO,0) | J56: =SUMIFS(J$13:J$73,$A$13:$A$73,"AKI.HALFSIM") | K56: =SUMIFS(K$13:K$73,$A$13:$A$73,"AKI.HALFSIM") | L56: =SUMIFS(L$13:L$73,$A$13:$A$73,"AKI.HALFSIM") | M56: =IF($I56=0,"",L56/$I56) | N56: =SUMIFS(N$13:N$73,$A$13:$A$73,"AKI.HALFSIM") | O56: =IF($I56=0,"",N56/$I56) | P56: =SUMIFS(P$13:P$73,$A$13:$A$73,"AKI.HALFSIM") | Q56: =IF($I56=0,"",P56/$I56) | R56: =IF($D56="","",IF($I56=0,"SIN ROTACIÓN",IF($E56="","",IF($E56="Numerada",IF($Q56<8,"CRÍTICO",IF($Q56<15,"ALERTA","OK")),IF($Q56<=90,"CRÍTICO",IF($Q56<=150,"ALERTA","OK")))))) | S56: =IF(OR($C56="",$E56="",$I56=0),"",IF($E56="Numerada",IF(AND($O56<8,$Q56>=8),"PRODUCIR - "&TEXT($O56,"0")&" d terminado",""),IF(AND($O56<=90,$Q56>90),"PRODUCIR - "&TEXT($O56,"0")&" d terminado","")))
A57: AKI.NUMERADA | B57: 32 | C57: 162524 | D57: HALFSIM AKIMOVIL SIM NUMERADA 7D | E57: Numerada | F57: =SUMIFS('DESPACHOS 20 DIAS'!F:F,'DESPACHOS 20 DIAS'!D:D,$C57,'DESPACHOS 20 DIAS'!E:E,$D57,'DESPACHOS 20 DIAS'!N:N,"CANAL INDIRECTO") | G57: =SUMIFS('DESPACHOS 20 DIAS'!F:F,'DESPACHOS 20 DIAS'!D:D,$C57,'DESPACHOS 20 DIAS'!E:E,$D57,'DESPACHOS 20 DIAS'!N:N,"CANAL DIRECTO") | H57: =F57+G57 | I57: =IFERROR(H57/DIAS_PERIODO,0) | J57: 0 | K57: =SUMIFS(INVENTARIO!E:E,INVENTARIO!D:D,$C57,INVENTARIO!B:B,$D57,INVENTARIO!A:A,"PRODUCCION") | L57: =SUMIFS(INVENTARIO!E:E,INVENTARIO!D:D,$C57,INVENTARIO!B:B,$D57,INVENTARIO!A:A,"MATERIA PRIMA") | M57: =IF($I57=0,"",L57/$I57) | N57: =SUMIFS(INVENTARIO!E:E,INVENTARIO!D:D,$C57,INVENTARIO!B:B,$D57,INVENTARIO!A:A,"BODEGA CENTRAL")+SUMIFS(INVENTARIO!E:E,INVENTARIO!D:D,$C57,INVENTARIO!B:B,$D57,INVENTARIO!A:A,"DELIVERY") | O57: =IF($I57=0,"",N57/$I57) | P57: =L57+N57+K57 | Q57: =IF($I57=0,"",P57/$I57) | R57: =IF($D57="","",IF($I57=0,"SIN ROTACIÓN",IF($E57="","",IF($E57="Numerada",IF($Q57<8,"CRÍTICO",IF($Q57<15,"ALERTA","OK")),IF($Q57<=90,"CRÍTICO",IF($Q57<=150,"ALERTA","OK")))))) | S57: =IF(OR($C57="",$E57="",$I57=0),"",IF($E57="Numerada",IF(AND($O57<8,$Q57>=8),"PRODUCIR - "&TEXT($O57,"0")&" d terminado",""),IF(AND($O57<=90,$Q57>90),"PRODUCIR - "&TEXT($O57,"0")&" d terminado","")))
A58: AKI.NUMERADA | B58: 33 | C58: 162524 | D58: HALFSIM AKIMOVIL SIM NUMERADA 15D | E58: Numerada | F58: =SUMIFS('DESPACHOS 20 DIAS'!F:F,'DESPACHOS 20 DIAS'!D:D,$C58,'DESPACHOS 20 DIAS'!E:E,$D58,'DESPACHOS 20 DIAS'!N:N,"CANAL INDIRECTO") | G58: =SUMIFS('DESPACHOS 20 DIAS'!F:F,'DESPACHOS 20 DIAS'!D:D,$C58,'DESPACHOS 20 DIAS'!E:E,$D58,'DESPACHOS 20 DIAS'!N:N,"CANAL DIRECTO") | H58: =F58+G58 | I58: =IFERROR(H58/DIAS_PERIODO,0) | J58: 0 | K58: =SUMIFS(INVENTARIO!E:E,INVENTARIO!D:D,$C58,INVENTARIO!B:B,$D58,INVENTARIO!A:A,"PRODUCCION") | L58: =SUMIFS(INVENTARIO!E:E,INVENTARIO!D:D,$C58,INVENTARIO!B:B,$D58,INVENTARIO!A:A,"MATERIA PRIMA") | M58: =IF($I58=0,"",L58/$I58) | N58: =SUMIFS(INVENTARIO!E:E,INVENTARIO!D:D,$C58,INVENTARIO!B:B,$D58,INVENTARIO!A:A,"BODEGA CENTRAL")+SUMIFS(INVENTARIO!E:E,INVENTARIO!D:D,$C58,INVENTARIO!B:B,$D58,INVENTARIO!A:A,"DELIVERY") | O58: =IF($I58=0,"",N58/$I58) | P58: =L58+N58+K58 | Q58: =IF($I58=0,"",P58/$I58) | R58: =IF($D58="","",IF($I58=0,"SIN ROTACIÓN",IF($E58="","",IF($E58="Numerada",IF($Q58<8,"CRÍTICO",IF($Q58<15,"ALERTA","OK")),IF($Q58<=90,"CRÍTICO",IF($Q58<=150,"ALERTA","OK")))))) | S58: =IF(OR($C58="",$E58="",$I58=0),"",IF($E58="Numerada",IF(AND($O58<8,$Q58>=8),"PRODUCIR - "&TEXT($O58,"0")&" d terminado",""),IF(AND($O58<=90,$Q58>90),"PRODUCIR - "&TEXT($O58,"0")&" d terminado","")))
A59: AKI.NUMERADA | B59: 34 | C59: 162524 | D59: HALFSIM AKIMOVIL SIM NUMERADA 30D | E59: Numerada | F59: =SUMIFS('DESPACHOS 20 DIAS'!F:F,'DESPACHOS 20 DIAS'!D:D,$C59,'DESPACHOS 20 DIAS'!E:E,$D59,'DESPACHOS 20 DIAS'!N:N,"CANAL INDIRECTO") | G59: =SUMIFS('DESPACHOS 20 DIAS'!F:F,'DESPACHOS 20 DIAS'!D:D,$C59,'DESPACHOS 20 DIAS'!E:E,$D59,'DESPACHOS 20 DIAS'!N:N,"CANAL DIRECTO") | H59: =F59+G59 | I59: =IFERROR(H59/DIAS_PERIODO,0) | J59: 0 | K59: =SUMIFS(INVENTARIO!E:E,INVENTARIO!D:D,$C59,INVENTARIO!B:B,$D59,INVENTARIO!A:A,"PRODUCCION") | L59: =SUMIFS(INVENTARIO!E:E,INVENTARIO!D:D,$C59,INVENTARIO!B:B,$D59,INVENTARIO!A:A,"MATERIA PRIMA") | M59: =IF($I59=0,"",L59/$I59) | N59: =SUMIFS(INVENTARIO!E:E,INVENTARIO!D:D,$C59,INVENTARIO!B:B,$D59,INVENTARIO!A:A,"BODEGA CENTRAL")+SUMIFS(INVENTARIO!E:E,INVENTARIO!D:D,$C59,INVENTARIO!B:B,$D59,INVENTARIO!A:A,"DELIVERY") | O59: =IF($I59=0,"",N59/$I59) | P59: =L59+N59+K59 | Q59: =IF($I59=0,"",P59/$I59) | R59: =IF($D59="","",IF($I59=0,"SIN ROTACIÓN",IF($E59="","",IF($E59="Numerada",IF($Q59<8,"CRÍTICO",IF($Q59<15,"ALERTA","OK")),IF($Q59<=90,"CRÍTICO",IF($Q59<=150,"ALERTA","OK")))))) | S59: =IF(OR($C59="",$E59="",$I59=0),"",IF($E59="Numerada",IF(AND($O59<8,$Q59>=8),"PRODUCIR - "&TEXT($O59,"0")&" d terminado",""),IF(AND($O59<=90,$Q59>90),"PRODUCIR - "&TEXT($O59,"0")&" d terminado","")))
D60: Subtotal HALFSIM AKIMOVIL NUMERADA | E60: Numerada | F60: =SUMIFS(F$13:F$73,$A$13:$A$73,"AKI.NUMERADA") | G60: =SUMIFS(G$13:G$73,$A$13:$A$73,"AKI.NUMERADA") | H60: =SUMIFS(H$13:H$73,$A$13:$A$73,"AKI.NUMERADA") | I60: =IFERROR(H60/DIAS_PERIODO,0) | J60: =SUMIFS(J$13:J$73,$A$13:$A$73,"AKI.NUMERADA") | K60: =SUMIFS(K$13:K$73,$A$13:$A$73,"AKI.NUMERADA") | L60: =SUMIFS(L$13:L$73,$A$13:$A$73,"AKI.NUMERADA") | M60: =IF($I60=0,"",L60/$I60) | N60: =SUMIFS(N$13:N$73,$A$13:$A$73,"AKI.NUMERADA") | O60: =IF($I60=0,"",N60/$I60) | P60: =SUMIFS(P$13:P$73,$A$13:$A$73,"AKI.NUMERADA") | Q60: =IF($I60=0,"",P60/$I60) | R60: =IF($D60="","",IF($I60=0,"SIN ROTACIÓN",IF($E60="","",IF($E60="Numerada",IF($Q60<8,"CRÍTICO",IF($Q60<15,"ALERTA","OK")),IF($Q60<=90,"CRÍTICO",IF($Q60<=150,"ALERTA","OK")))))) | S60: =IF(OR($C60="",$E60="",$I60=0),"",IF($E60="Numerada",IF(AND($O60<8,$Q60>=8),"PRODUCIR - "&TEXT($O60,"0")&" d terminado",""),IF(AND($O60<=90,$Q60>90),"PRODUCIR - "&TEXT($O60,"0")&" d terminado","")))
A61: AKI.ESIM | B61: 35 | C61: 162823 | D61: ESIM AKIMOVIL | E61: Blanca | F61: =SUMIFS('DESPACHOS 20 DIAS'!F:F,'DESPACHOS 20 DIAS'!D:D,$C61,'DESPACHOS 20 DIAS'!E:E,$D61,'DESPACHOS 20 DIAS'!N:N,"CANAL INDIRECTO") | G61: =SUMIFS('DESPACHOS 20 DIAS'!F:F,'DESPACHOS 20 DIAS'!D:D,$C61,'DESPACHOS 20 DIAS'!E:E,$D61,'DESPACHOS 20 DIAS'!N:N,"CANAL DIRECTO") | H61: =F61+G61 | I61: =IFERROR(H61/DIAS_PERIODO,0) | J61: 0 | K61: =SUMIFS(INVENTARIO!E:E,INVENTARIO!D:D,$C61,INVENTARIO!B:B,$D61,INVENTARIO!A:A,"PRODUCCION") | L61: =SUMIFS(INVENTARIO!E:E,INVENTARIO!D:D,$C61,INVENTARIO!B:B,$D61,INVENTARIO!A:A,"MATERIA PRIMA") | M61: =IF($I61=0,"",L61/$I61) | N61: =SUMIFS(INVENTARIO!E:E,INVENTARIO!D:D,$C61,INVENTARIO!B:B,$D61,INVENTARIO!A:A,"BODEGA CENTRAL")+SUMIFS(INVENTARIO!E:E,INVENTARIO!D:D,$C61,INVENTARIO!B:B,$D61,INVENTARIO!A:A,"DELIVERY") | O61: =IF($I61=0,"",N61/$I61) | P61: =L61+N61+K61 | Q61: =IF($I61=0,"",P61/$I61) | R61: =IF($D61="","",IF($I61=0,"SIN ROTACIÓN",IF($E61="","",IF($E61="Numerada",IF($Q61<8,"CRÍTICO",IF($Q61<15,"ALERTA","OK")),IF($Q61<=90,"CRÍTICO",IF($Q61<=150,"ALERTA","OK")))))) | S61: =IF(OR($C61="",$E61="",$I61=0),"",IF($E61="Numerada",IF(AND($O61<8,$Q61>=8),"PRODUCIR - "&TEXT($O61,"0")&" d terminado",""),IF(AND($O61<=90,$Q61>90),"PRODUCIR - "&TEXT($O61,"0")&" d terminado","")))
A62: AKI.ESIM | B62: 36 | C62: 162823 | D62: ESIM AKIMOVIL REPOSICION | E62: Blanca | F62: =SUMIFS('DESPACHOS 20 DIAS'!F:F,'DESPACHOS 20 DIAS'!D:D,$C62,'DESPACHOS 20 DIAS'!E:E,$D62,'DESPACHOS 20 DIAS'!N:N,"CANAL INDIRECTO") | G62: =SUMIFS('DESPACHOS 20 DIAS'!F:F,'DESPACHOS 20 DIAS'!D:D,$C62,'DESPACHOS 20 DIAS'!E:E,$D62,'DESPACHOS 20 DIAS'!N:N,"CANAL DIRECTO") | H62: =F62+G62 | I62: =IFERROR(H62/DIAS_PERIODO,0) | J62: 0 | K62: =SUMIFS(INVENTARIO!E:E,INVENTARIO!D:D,$C62,INVENTARIO!B:B,$D62,INVENTARIO!A:A,"PRODUCCION") | L62: =SUMIFS(INVENTARIO!E:E,INVENTARIO!D:D,$C62,INVENTARIO!B:B,$D62,INVENTARIO!A:A,"MATERIA PRIMA") | M62: =IF($I62=0,"",L62/$I62) | N62: =SUMIFS(INVENTARIO!E:E,INVENTARIO!D:D,$C62,INVENTARIO!B:B,$D62,INVENTARIO!A:A,"BODEGA CENTRAL")+SUMIFS(INVENTARIO!E:E,INVENTARIO!D:D,$C62,INVENTARIO!B:B,$D62,INVENTARIO!A:A,"DELIVERY") | O62: =IF($I62=0,"",N62/$I62) | P62: =L62+N62+K62 | Q62: =IF($I62=0,"",P62/$I62) | R62: =IF($D62="","",IF($I62=0,"SIN ROTACIÓN",IF($E62="","",IF($E62="Numerada",IF($Q62<8,"CRÍTICO",IF($Q62<15,"ALERTA","OK")),IF($Q62<=90,"CRÍTICO",IF($Q62<=150,"ALERTA","OK")))))) | S62: =IF(OR($C62="",$E62="",$I62=0),"",IF($E62="Numerada",IF(AND($O62<8,$Q62>=8),"PRODUCIR - "&TEXT($O62,"0")&" d terminado",""),IF(AND($O62<=90,$Q62>90),"PRODUCIR - "&TEXT($O62,"0")&" d terminado","")))
D63: Subtotal ESIM AKIMOVIL (DIGITAL) | E63: Blanca | F63: =SUMIFS(F$13:F$73,$A$13:$A$73,"AKI.ESIM") | G63: =SUMIFS(G$13:G$73,$A$13:$A$73,"AKI.ESIM") | H63: =SUMIFS(H$13:H$73,$A$13:$A$73,"AKI.ESIM") | I63: =IFERROR(H63/DIAS_PERIODO,0) | J63: =SUMIFS(J$13:J$73,$A$13:$A$73,"AKI.ESIM") | K63: =SUMIFS(K$13:K$73,$A$13:$A$73,"AKI.ESIM") | L63: =SUMIFS(L$13:L$73,$A$13:$A$73,"AKI.ESIM") | M63: =IF($I63=0,"",L63/$I63) | N63: =SUMIFS(N$13:N$73,$A$13:$A$73,"AKI.ESIM") | O63: =IF($I63=0,"",N63/$I63) | P63: =SUMIFS(P$13:P$73,$A$13:$A$73,"AKI.ESIM") | Q63: =IF($I63=0,"",P63/$I63) | R63: =IF($D63="","",IF($I63=0,"SIN ROTACIÓN",IF($E63="","",IF($E63="Numerada",IF($Q63<8,"CRÍTICO",IF($Q63<15,"ALERTA","OK")),IF($Q63<=90,"CRÍTICO",IF($Q63<=150,"ALERTA","OK")))))) | S63: =IF(OR($C63="",$E63="",$I63=0),"",IF($E63="Numerada",IF(AND($O63<8,$Q63>=8),"PRODUCIR - "&TEXT($O63,"0")&" d terminado",""),IF(AND($O63<=90,$Q63>90),"PRODUCIR - "&TEXT($O63,"0")&" d terminado","")))
D64: TOTAL AKIMOVIL | F64: =SUMIFS(F$13:F$73,$A$13:$A$73,"AKI.*") | G64: =SUMIFS(G$13:G$73,$A$13:$A$73,"AKI.*") | H64: =SUMIFS(H$13:H$73,$A$13:$A$73,"AKI.*") | I64: =IFERROR(H64/DIAS_PERIODO,0) | J64: =SUMIFS(J$13:J$73,$A$13:$A$73,"AKI.*") | K64: =SUMIFS(K$13:K$73,$A$13:$A$73,"AKI.*") | L64: =SUMIFS(L$13:L$73,$A$13:$A$73,"AKI.*") | M64: =IF($I64=0,"",L64/$I64) | N64: =SUMIFS(N$13:N$73,$A$13:$A$73,"AKI.*") | O64: =IF($I64=0,"",N64/$I64) | P64: =SUMIFS(P$13:P$73,$A$13:$A$73,"AKI.*") | Q64: =IF($I64=0,"",P64/$I64) | R64: =IF($D64="","",IF($I64=0,"SIN ROTACIÓN",IF($E64="","",IF($E64="Numerada",IF($Q64<8,"CRÍTICO",IF($Q64<15,"ALERTA","OK")),IF($Q64<=90,"CRÍTICO",IF($Q64<=150,"ALERTA","OK")))))) | S64: =IF(OR($C64="",$E64="",$I64=0),"",IF($E64="Numerada",IF(AND($O64<8,$Q64>=8),"PRODUCIR - "&TEXT($O64,"0")&" d terminado",""),IF(AND($O64<=90,$Q64>90),"PRODUCIR - "&TEXT($O64,"0")&" d terminado","")))
A65: MAXI.HALFSIM | B65: 37 | C65: 162523 | D65: HALFSIM MAXIPLUS | E65: Blanca | F65: =SUMIFS('DESPACHOS 20 DIAS'!F:F,'DESPACHOS 20 DIAS'!D:D,$C65,'DESPACHOS 20 DIAS'!E:E,$D65,'DESPACHOS 20 DIAS'!N:N,"CANAL INDIRECTO") | G65: =SUMIFS('DESPACHOS 20 DIAS'!F:F,'DESPACHOS 20 DIAS'!D:D,$C65,'DESPACHOS 20 DIAS'!E:E,$D65,'DESPACHOS 20 DIAS'!N:N,"CANAL DIRECTO") | H65: =F65+G65 | I65: =IFERROR(H65/DIAS_PERIODO,0) | J65: 0 | K65: =SUMIFS(INVENTARIO!E:E,INVENTARIO!D:D,$C65,INVENTARIO!B:B,$D65,INVENTARIO!A:A,"PRODUCCION") | L65: =SUMIFS(INVENTARIO!E:E,INVENTARIO!D:D,$C65,INVENTARIO!B:B,$D65,INVENTARIO!A:A,"MATERIA PRIMA") | M65: =IF($I65=0,"",L65/$I65) | N65: =SUMIFS(INVENTARIO!E:E,INVENTARIO!D:D,$C65,INVENTARIO!B:B,$D65,INVENTARIO!A:A,"BODEGA CENTRAL")+SUMIFS(INVENTARIO!E:E,INVENTARIO!D:D,$C65,INVENTARIO!B:B,$D65,INVENTARIO!A:A,"DELIVERY") | O65: =IF($I65=0,"",N65/$I65) | P65: =L65+N65+K65 | Q65: =IF($I65=0,"",P65/$I65) | R65: =IF($D65="","",IF($I65=0,"SIN ROTACIÓN",IF($E65="","",IF($E65="Numerada",IF($Q65<8,"CRÍTICO",IF($Q65<15,"ALERTA","OK")),IF($Q65<=90,"CRÍTICO",IF($Q65<=150,"ALERTA","OK")))))) | S65: =IF(OR($C65="",$E65="",$I65=0),"",IF($E65="Numerada",IF(AND($O65<8,$Q65>=8),"PRODUCIR - "&TEXT($O65,"0")&" d terminado",""),IF(AND($O65<=90,$Q65>90),"PRODUCIR - "&TEXT($O65,"0")&" d terminado","")))
D66: Subtotal HALFSIM MAXIPLUS (FÍSICA) | E66: Blanca | F66: =SUMIFS(F$13:F$73,$A$13:$A$73,"MAXI.HALFSIM") | G66: =SUMIFS(G$13:G$73,$A$13:$A$73,"MAXI.HALFSIM") | H66: =SUMIFS(H$13:H$73,$A$13:$A$73,"MAXI.HALFSIM") | I66: =IFERROR(H66/DIAS_PERIODO,0) | J66: =SUMIFS(J$13:J$73,$A$13:$A$73,"MAXI.HALFSIM") | K66: =SUMIFS(K$13:K$73,$A$13:$A$73,"MAXI.HALFSIM") | L66: =SUMIFS(L$13:L$73,$A$13:$A$73,"MAXI.HALFSIM") | M66: =IF($I66=0,"",L66/$I66) | N66: =SUMIFS(N$13:N$73,$A$13:$A$73,"MAXI.HALFSIM") | O66: =IF($I66=0,"",N66/$I66) | P66: =SUMIFS(P$13:P$73,$A$13:$A$73,"MAXI.HALFSIM") | Q66: =IF($I66=0,"",P66/$I66) | R66: =IF($D66="","",IF($I66=0,"SIN ROTACIÓN",IF($E66="","",IF($E66="Numerada",IF($Q66<8,"CRÍTICO",IF($Q66<15,"ALERTA","OK")),IF($Q66<=90,"CRÍTICO",IF($Q66<=150,"ALERTA","OK")))))) | S66: =IF(OR($C66="",$E66="",$I66=0),"",IF($E66="Numerada",IF(AND($O66<8,$Q66>=8),"PRODUCIR - "&TEXT($O66,"0")&" d terminado",""),IF(AND($O66<=90,$Q66>90),"PRODUCIR - "&TEXT($O66,"0")&" d terminado","")))
A67: MAXI.NUMERADA | B67: 38 | C67: 162523 | D67: HALFSIM MAXIPLUS SIM NUMERADA 15D | E67: Numerada | F67: =SUMIFS('DESPACHOS 20 DIAS'!F:F,'DESPACHOS 20 DIAS'!D:D,$C67,'DESPACHOS 20 DIAS'!E:E,$D67,'DESPACHOS 20 DIAS'!N:N,"CANAL INDIRECTO") | G67: =SUMIFS('DESPACHOS 20 DIAS'!F:F,'DESPACHOS 20 DIAS'!D:D,$C67,'DESPACHOS 20 DIAS'!E:E,$D67,'DESPACHOS 20 DIAS'!N:N,"CANAL DIRECTO") | H67: =F67+G67 | I67: =IFERROR(H67/DIAS_PERIODO,0) | J67: 0 | K67: =SUMIFS(INVENTARIO!E:E,INVENTARIO!D:D,$C67,INVENTARIO!B:B,$D67,INVENTARIO!A:A,"PRODUCCION") | L67: =SUMIFS(INVENTARIO!E:E,INVENTARIO!D:D,$C67,INVENTARIO!B:B,$D67,INVENTARIO!A:A,"MATERIA PRIMA") | M67: =IF($I67=0,"",L67/$I67) | N67: =SUMIFS(INVENTARIO!E:E,INVENTARIO!D:D,$C67,INVENTARIO!B:B,$D67,INVENTARIO!A:A,"BODEGA CENTRAL")+SUMIFS(INVENTARIO!E:E,INVENTARIO!D:D,$C67,INVENTARIO!B:B,$D67,INVENTARIO!A:A,"DELIVERY") | O67: =IF($I67=0,"",N67/$I67) | P67: =L67+N67+K67 | Q67: =IF($I67=0,"",P67/$I67) | R67: =IF($D67="","",IF($I67=0,"SIN ROTACIÓN",IF($E67="","",IF($E67="Numerada",IF($Q67<8,"CRÍTICO",IF($Q67<15,"ALERTA","OK")),IF($Q67<=90,"CRÍTICO",IF($Q67<=150,"ALERTA","OK")))))) | S67: =IF(OR($C67="",$E67="",$I67=0),"",IF($E67="Numerada",IF(AND($O67<8,$Q67>=8),"PRODUCIR - "&TEXT($O67,"0")&" d terminado",""),IF(AND($O67<=90,$Q67>90),"PRODUCIR - "&TEXT($O67,"0")&" d terminado","")))
A68: MAXI.NUMERADA | B68: 39 | C68: 162523 | D68: HALFSIM MAXIPLUS SIM NUMERADA 30D | E68: Numerada | F68: =SUMIFS('DESPACHOS 20 DIAS'!F:F,'DESPACHOS 20 DIAS'!D:D,$C68,'DESPACHOS 20 DIAS'!E:E,$D68,'DESPACHOS 20 DIAS'!N:N,"CANAL INDIRECTO") | G68: =SUMIFS('DESPACHOS 20 DIAS'!F:F,'DESPACHOS 20 DIAS'!D:D,$C68,'DESPACHOS 20 DIAS'!E:E,$D68,'DESPACHOS 20 DIAS'!N:N,"CANAL DIRECTO") | H68: =F68+G68 | I68: =IFERROR(H68/DIAS_PERIODO,0) | J68: 0 | K68: =SUMIFS(INVENTARIO!E:E,INVENTARIO!D:D,$C68,INVENTARIO!B:B,$D68,INVENTARIO!A:A,"PRODUCCION") | L68: =SUMIFS(INVENTARIO!E:E,INVENTARIO!D:D,$C68,INVENTARIO!B:B,$D68,INVENTARIO!A:A,"MATERIA PRIMA") | M68: =IF($I68=0,"",L68/$I68) | N68: =SUMIFS(INVENTARIO!E:E,INVENTARIO!D:D,$C68,INVENTARIO!B:B,$D68,INVENTARIO!A:A,"BODEGA CENTRAL")+SUMIFS(INVENTARIO!E:E,INVENTARIO!D:D,$C68,INVENTARIO!B:B,$D68,INVENTARIO!A:A,"DELIVERY") | O68: =IF($I68=0,"",N68/$I68) | P68: =L68+N68+K68 | Q68: =IF($I68=0,"",P68/$I68) | R68: =IF($D68="","",IF($I68=0,"SIN ROTACIÓN",IF($E68="","",IF($E68="Numerada",IF($Q68<8,"CRÍTICO",IF($Q68<15,"ALERTA","OK")),IF($Q68<=90,"CRÍTICO",IF($Q68<=150,"ALERTA","OK")))))) | S68: =IF(OR($C68="",$E68="",$I68=0),"",IF($E68="Numerada",IF(AND($O68<8,$Q68>=8),"PRODUCIR - "&TEXT($O68,"0")&" d terminado",""),IF(AND($O68<=90,$Q68>90),"PRODUCIR - "&TEXT($O68,"0")&" d terminado","")))
D69: Subtotal HALFSIM MAXIPLUS NUMERADA | E69: Numerada | F69: =SUMIFS(F$13:F$73,$A$13:$A$73,"MAXI.NUMERADA") | G69: =SUMIFS(G$13:G$73,$A$13:$A$73,"MAXI.NUMERADA") | H69: =SUMIFS(H$13:H$73,$A$13:$A$73,"MAXI.NUMERADA") | I69: =IFERROR(H69/DIAS_PERIODO,0) | J69: =SUMIFS(J$13:J$73,$A$13:$A$73,"MAXI.NUMERADA") | K69: =SUMIFS(K$13:K$73,$A$13:$A$73,"MAXI.NUMERADA") | L69: =SUMIFS(L$13:L$73,$A$13:$A$73,"MAXI.NUMERADA") | M69: =IF($I69=0,"",L69/$I69) | N69: =SUMIFS(N$13:N$73,$A$13:$A$73,"MAXI.NUMERADA") | O69: =IF($I69=0,"",N69/$I69) | P69: =SUMIFS(P$13:P$73,$A$13:$A$73,"MAXI.NUMERADA") | Q69: =IF($I69=0,"",P69/$I69) | R69: =IF($D69="","",IF($I69=0,"SIN ROTACIÓN",IF($E69="","",IF($E69="Numerada",IF($Q69<8,"CRÍTICO",IF($Q69<15,"ALERTA","OK")),IF($Q69<=90,"CRÍTICO",IF($Q69<=150,"ALERTA","OK")))))) | S69: =IF(OR($C69="",$E69="",$I69=0),"",IF($E69="Numerada",IF(AND($O69<8,$Q69>=8),"PRODUCIR - "&TEXT($O69,"0")&" d terminado",""),IF(AND($O69<=90,$Q69>90),"PRODUCIR - "&TEXT($O69,"0")&" d terminado","")))
A70: MAXI.ESIM | B70: 40 | C70: 162822 | D70: ESIM MAXIPLUS | E70: Blanca | F70: =SUMIFS('DESPACHOS 20 DIAS'!F:F,'DESPACHOS 20 DIAS'!D:D,$C70,'DESPACHOS 20 DIAS'!E:E,$D70,'DESPACHOS 20 DIAS'!N:N,"CANAL INDIRECTO") | G70: =SUMIFS('DESPACHOS 20 DIAS'!F:F,'DESPACHOS 20 DIAS'!D:D,$C70,'DESPACHOS 20 DIAS'!E:E,$D70,'DESPACHOS 20 DIAS'!N:N,"CANAL DIRECTO") | H70: =F70+G70 | I70: =IFERROR(H70/DIAS_PERIODO,0) | J70: 0 | K70: =SUMIFS(INVENTARIO!E:E,INVENTARIO!D:D,$C70,INVENTARIO!B:B,$D70,INVENTARIO!A:A,"PRODUCCION") | L70: =SUMIFS(INVENTARIO!E:E,INVENTARIO!D:D,$C70,INVENTARIO!B:B,$D70,INVENTARIO!A:A,"MATERIA PRIMA") | M70: =IF($I70=0,"",L70/$I70) | N70: =SUMIFS(INVENTARIO!E:E,INVENTARIO!D:D,$C70,INVENTARIO!B:B,$D70,INVENTARIO!A:A,"BODEGA CENTRAL")+SUMIFS(INVENTARIO!E:E,INVENTARIO!D:D,$C70,INVENTARIO!B:B,$D70,INVENTARIO!A:A,"DELIVERY") | O70: =IF($I70=0,"",N70/$I70) | P70: =L70+N70+K70 | Q70: =IF($I70=0,"",P70/$I70) | R70: =IF($D70="","",IF($I70=0,"SIN ROTACIÓN",IF($E70="","",IF($E70="Numerada",IF($Q70<8,"CRÍTICO",IF($Q70<15,"ALERTA","OK")),IF($Q70<=90,"CRÍTICO",IF($Q70<=150,"ALERTA","OK")))))) | S70: =IF(OR($C70="",$E70="",$I70=0),"",IF($E70="Numerada",IF(AND($O70<8,$Q70>=8),"PRODUCIR - "&TEXT($O70,"0")&" d terminado",""),IF(AND($O70<=90,$Q70>90),"PRODUCIR - "&TEXT($O70,"0")&" d terminado","")))
A71: MAXI.ESIM | B71: 41 | C71: 162822 | D71: ESIM MAXIPLUS REPOSICION | E71: Blanca | F71: =SUMIFS('DESPACHOS 20 DIAS'!F:F,'DESPACHOS 20 DIAS'!D:D,$C71,'DESPACHOS 20 DIAS'!E:E,$D71,'DESPACHOS 20 DIAS'!N:N,"CANAL INDIRECTO") | G71: =SUMIFS('DESPACHOS 20 DIAS'!F:F,'DESPACHOS 20 DIAS'!D:D,$C71,'DESPACHOS 20 DIAS'!E:E,$D71,'DESPACHOS 20 DIAS'!N:N,"CANAL DIRECTO") | H71: =F71+G71 | I71: =IFERROR(H71/DIAS_PERIODO,0) | J71: 0 | K71: =SUMIFS(INVENTARIO!E:E,INVENTARIO!D:D,$C71,INVENTARIO!B:B,$D71,INVENTARIO!A:A,"PRODUCCION") | L71: =SUMIFS(INVENTARIO!E:E,INVENTARIO!D:D,$C71,INVENTARIO!B:B,$D71,INVENTARIO!A:A,"MATERIA PRIMA") | M71: =IF($I71=0,"",L71/$I71) | N71: =SUMIFS(INVENTARIO!E:E,INVENTARIO!D:D,$C71,INVENTARIO!B:B,$D71,INVENTARIO!A:A,"BODEGA CENTRAL")+SUMIFS(INVENTARIO!E:E,INVENTARIO!D:D,$C71,INVENTARIO!B:B,$D71,INVENTARIO!A:A,"DELIVERY") | O71: =IF($I71=0,"",N71/$I71) | P71: =L71+N71+K71 | Q71: =IF($I71=0,"",P71/$I71) | R71: =IF($D71="","",IF($I71=0,"SIN ROTACIÓN",IF($E71="","",IF($E71="Numerada",IF($Q71<8,"CRÍTICO",IF($Q71<15,"ALERTA","OK")),IF($Q71<=90,"CRÍTICO",IF($Q71<=150,"ALERTA","OK")))))) | S71: =IF(OR($C71="",$E71="",$I71=0),"",IF($E71="Numerada",IF(AND($O71<8,$Q71>=8),"PRODUCIR - "&TEXT($O71,"0")&" d terminado",""),IF(AND($O71<=90,$Q71>90),"PRODUCIR - "&TEXT($O71,"0")&" d terminado","")))
D72: Subtotal ESIM MAXIPLUS (DIGITAL) | E72: Blanca | F72: =SUMIFS(F$13:F$73,$A$13:$A$73,"MAXI.ESIM") | G72: =SUMIFS(G$13:G$73,$A$13:$A$73,"MAXI.ESIM") | H72: =SUMIFS(H$13:H$73,$A$13:$A$73,"MAXI.ESIM") | I72: =IFERROR(H72/DIAS_PERIODO,0) | J72: =SUMIFS(J$13:J$73,$A$13:$A$73,"MAXI.ESIM") | K72: =SUMIFS(K$13:K$73,$A$13:$A$73,"MAXI.ESIM") | L72: =SUMIFS(L$13:L$73,$A$13:$A$73,"MAXI.ESIM") | M72: =IF($I72=0,"",L72/$I72) | N72: =SUMIFS(N$13:N$73,$A$13:$A$73,"MAXI.ESIM") | O72: =IF($I72=0,"",N72/$I72) | P72: =SUMIFS(P$13:P$73,$A$13:$A$73,"MAXI.ESIM") | Q72: =IF($I72=0,"",P72/$I72) | R72: =IF($D72="","",IF($I72=0,"SIN ROTACIÓN",IF($E72="","",IF($E72="Numerada",IF($Q72<8,"CRÍTICO",IF($Q72<15,"ALERTA","OK")),IF($Q72<=90,"CRÍTICO",IF($Q72<=150,"ALERTA","OK")))))) | S72: =IF(OR($C72="",$E72="",$I72=0),"",IF($E72="Numerada",IF(AND($O72<8,$Q72>=8),"PRODUCIR - "&TEXT($O72,"0")&" d terminado",""),IF(AND($O72<=90,$Q72>90),"PRODUCIR - "&TEXT($O72,"0")&" d terminado","")))
D73: TOTAL MAXIPLUS | F73: =SUMIFS(F$13:F$73,$A$13:$A$73,"MAXI.*") | G73: =SUMIFS(G$13:G$73,$A$13:$A$73,"MAXI.*") | H73: =SUMIFS(H$13:H$73,$A$13:$A$73,"MAXI.*") | I73: =IFERROR(H73/DIAS_PERIODO,0) | J73: =SUMIFS(J$13:J$73,$A$13:$A$73,"MAXI.*") | K73: =SUMIFS(K$13:K$73,$A$13:$A$73,"MAXI.*") | L73: =SUMIFS(L$13:L$73,$A$13:$A$73,"MAXI.*") | M73: =IF($I73=0,"",L73/$I73) | N73: =SUMIFS(N$13:N$73,$A$13:$A$73,"MAXI.*") | O73: =IF($I73=0,"",N73/$I73) | P73: =SUMIFS(P$13:P$73,$A$13:$A$73,"MAXI.*") | Q73: =IF($I73=0,"",P73/$I73) | R73: =IF($D73="","",IF($I73=0,"SIN ROTACIÓN",IF($E73="","",IF($E73="Numerada",IF($Q73<8,"CRÍTICO",IF($Q73<15,"ALERTA","OK")),IF($Q73<=90,"CRÍTICO",IF($Q73<=150,"ALERTA","OK")))))) | S73: =IF(OR($C73="",$E73="",$I73=0),"",IF($E73="Numerada",IF(AND($O73<8,$Q73>=8),"PRODUCIR - "&TEXT($O73,"0")&" d terminado",""),IF(AND($O73<=90,$Q73>90),"PRODUCIR - "&TEXT($O73,"0")&" d terminado","")))
D74: TOTAL GENERAL | F74: =SUMIFS(F$13:F$73,$A$13:$A$73,"?*") | G74: =SUMIFS(G$13:G$73,$A$13:$A$73,"?*") | H74: =SUMIFS(H$13:H$73,$A$13:$A$73,"?*") | I74: =IFERROR(H74/DIAS_PERIODO,0) | J74: =SUMIFS(J$13:J$73,$A$13:$A$73,"?*") | K74: =SUMIFS(K$13:K$73,$A$13:$A$73,"?*") | L74: =SUMIFS(L$13:L$73,$A$13:$A$73,"?*") | M74: =IF($I74=0,"",L74/$I74) | N74: =SUMIFS(N$13:N$73,$A$13:$A$73,"?*") | O74: =IF($I74=0,"",N74/$I74) | P74: =SUMIFS(P$13:P$73,$A$13:$A$73,"?*") | Q74: =IF($I74=0,"",P74/$I74)
C76: CONTROL DE CUADRATURA (la diferencia debe ser 0)
C77: Stock total del cuadro vs. hoja INVENTARIO | G77: =P74 | H77: =SUM(INVENTARIO!E:E) | I77: =G77-H77 | J77: =IF(I77=0,"OK","REVISAR: hay artículos en INVENTARIO que no están dados de alta en el cuadro")
C78: Despacho total del cuadro vs. hoja DESPACHOS | G78: =H74 | H78: =SUM('DESPACHOS 20 DIAS'!F:F) | I78: =G78-H78 | J78: =IF(I78=0,"OK","REVISAR: hay artículos o canales en DESPACHOS que el cuadro no está sumando")
C79: Líneas de DESPACHOS cuyo CANAL no existe en REFERENCIA | I79: =IFERROR(SUMPRODUCT(--(COUNTIF(REFERENCIA!$F$2:$F$200,OFFSET('DESPACHOS 20 DIAS'!$M$2,0,0,MAX(1,COUNTA('DESPACHOS 20 DIAS'!$M:$M)-1),1))=0)),0) | J79: =IF(I79=0,"OK","REVISAR: complete esos canales en la hoja REFERENCIA antes de la próxima carga")
C81: Las bandas se calculan con SUMIFS sobre la columna A (CLAVE). Para agregar un artículo: inserte la fila dentro de su bloque, copie las fórmulas de la fila de arriba y escriba la misma CLAVE en la columna A.

Sheet PMP
A1: Artículo | B1: Descripcion Articulo | C1: Artículo | H1: PIA | I1: JANUS
A2: 1 | B2: SIMCARD 2FF PREPAGO | C2: 1 | H2: 1598 | I2: 82944 | J2: =+VLOOKUP(I2,A:B,2,0)
A3: 2 | B3: SIMCARD 2FF POSTPAGO | C3: 2 | H3: 1599 | I3: 81944 | J3: =+VLOOKUP(I3,A:B,2,0)
A4: 3 | B4: GSM ALCATEL 155 | C4: 3 | H4: 1600 | I4: 105944 | J4: =+VLOOKUP(I4,A:B,2,0)
A5: 4 | B5: GSM ALCATEL 156a | C5: 4 | H5: 1601 | I5: 81944 | J5: =+VLOOKUP(I5,A:B,2,0)
A6: 5 | B6: GSM MOTOROLA V172 | C6: 5 | H6: 1603 | I6: 82944 | J6: =+VLOOKUP(I6,A:B,2,0)
A7: 6 | B7: GSM MOTOROLA C116 | C7: 6 | H7: 1604 | I7: 81944 | J7: =+VLOOKUP(I7,A:B,2,0)
A8: 7 | B8: GSM MOTOROLA C155 | C8: 7 | H8: 1606 | I8: 105944 | J8: =+VLOOKUP(I8,A:B,2,0)
A9: 8 | B9: GSM MOTOROLA C650 | C9: 8 | H9: 1640 | I9: 105944 | J9: =+VLOOKUP(I9,A:B,2,0)
A10: 10 | B10: GSM MOVISTAR 340 | C10: 10 | H10: 1648 | I10: 84948 | J10: =+VLOOKUP(I10,A:B,2,0)
A11: 11 | B11: TARJETA PREPAGO US$3 | C11: 11 | H11: 1649 | I11: 84948 | J11: =+VLOOKUP(I11,A:B,2,0)
A12: 12 | B12: GSM NOKIA 2600 | C12: 12 | H12: 1651 | I12: 84948 | J12: =+VLOOKUP(I12,A:B,2,0)
A13: 13 | B13: GSM NOKIA 2651 | C13: 13 | H13: 1652 | I13: 113950 | J13: =+VLOOKUP(I13,A:B,2,0)
... A29: 34 | B29: LISTO PACK GSM NOKIA 3200 | C29: 34 | H29: 1674 | I29: 96946 | J29: =+VLOOKUP(I29,A:B,2,0)
A30: 35 | B30: LISTO PACK GSM NOKIA 3220 | C30: 35 | H30: 2324 | I30: #N/A | J30: =+VLOOKUP(I30,A:B,2,0)
A31: 51 | B31: LISTO PACK GSM SIEMENS C66 | C31: 51 | H31: 1337 | I31: 1534 | J31: =+VLOOKUP(I31,A:B,2,0)
A32: 52 | B32: GSM NOKIA 1108 | C32: 52 | H32: 1398 | I32: 1534 | J32: =+VLOOKUP(I32,A:B,2,0)
A33: 53 | B33: GSM MOVISTAR 110 | C33: 53 | H33: 1399 | I33: 1534 | J33: =+VLOOKUP(I33,A:B,2,0)
A34: 54 | B34: LISTO PACK GSM NOKIA 1108 | C34: 54 | H34: 1483 | I34: 82944 | J34: =+VLOOKUP(I34,A:B,2,0)
A35: 55 | B35: TARJETA TELEFONIA PUBLICA US$3 | C35: 55 | H35: 1605 | I35: 105944 | J35: =+VLOOKUP(I35,A:B,2,0)
A36: 56 | B36: TARJETA TELEFONIA PUBLICA US$5 | C36: 56 | H36: 2396 | I36: 113950 | J36: =+VLOOKUP(I36,A:B,2,0)
A37: 58 | B37: TARJETA TELEFONIA SEMIPUBLICA US$20 | C37: 58 | H37: 2400 | I37: 113950 | J37: =+VLOOKUP(I37,A:B,2,0)
A38: 62 | B38: LISTO PACK GSM MOVISTAR 110 | C38: 62 | H38: 2416 | I38: 113950 | J38: =+VLOOKUP(I38,A:B,2,0)
A39: 66 | B39: GSM NOKIA 6230 | C39: 66 | H39: 2397 | I39: 113950 | J39: =+VLOOKUP(I39,A:B,2,0)
A40: 67 | B40: LISTO PACK GSM NOKIA 6230 | C40: 67 | H40: 2401 | I40: 113950 | J40: =+VLOOKUP(I40,A:B,2,0)
A41: 68 | B41: GSM MOTOROLA V3 SILVER | C41: 68 | H41: 2398 | I41: 113950 | J41: =+VLOOKUP(I41,A:B,2,0)
A42: 69 | B42: GSM SONY ERICSSON T290 | C42: 69 | H42: 2402 | I42: 113950 | J42: =+VLOOKUP(I42,A:B,2,0)
... A71: 103 | B71: VIRT GSM SONY ERICSSON K300 | C71: 103 | H71: 2804 | I71: 162092 | J71: =+VLOOKUP(I71,A:B,2,0)
A72: 104 | B72: VIRT GSM SONY ERICSSON P910A | C72: 104
A73: 105 | B73: GSM SIEMENS A76 | C73: 105
A74: 106 | B74: LISTO PACK GSM SIEMENS A76 | C74: 106
A75: 107 | B75: GSM ALCATEL 256 | C75: 107
A76: 108 | B76: GSM SONY ERICSSON W600 | C76: 108
A77: 109 | B77: LISTO PACK GSM ALCATEL 256 | C77: 109
A78: 110 | B78: LISTO PACK GSM SONY ERICSSON W600 | C78: 110
A79: 111 | B79: GSM BASE FIJA TECOM FGT850 | C79: 111
A80: 115 | B80: GSM SAMSUNG X636 | C80: 115
A81: 116 | B81: LISTO PACK GSM SAMSUNG X636 | C81: 116
A82: 117 | B82: GSM MOTOROLA C115 | C82: 117
A83: 118 | B83: LISTO PACK GSM MOTOROLA C115 | C83: 118
... A1186: 98948 | B1186: SIM SUPER CHIP AUTOSERVICIOS (numeradas) | C1186: 98948
A1187: 84948 | B1187: USIM TUENTI (blister) | C1187: SIN CODIGO
A1188: 84948 | B1188: USIM PREPAGO TUENTI CELOFAN NO NUMERADA PORTABILIDAD | C1188: 84948
A1189: 84948 | B1189: USIM PREPAGO TUENTI BLISTER NO NUMERADA PORTABILIDAD | C1189: 84948
A1190: 140948 | B1190: CHIP PREPAGO AUTOSERVICIOS TURISTA numerada | C1190: 140948
A1191: 96946 | B1191: SUPER CHIP AUTOSERVICIOS DOBLE MEGAS (NUMERADAS) | C1191: 96946
B1192: USIM PREPAGO NUMERADA BLISTER AUTOSERVICIOS TURISTA RETAIL
B1193: USIM MULTISIM PREPAGO NUMERADA CANAL DIRECTO (DISASHOP)
B1194: SIMCARD M2M | C1194: 1534
A1195: 98948 | B1195: USIM NUMERADA COMBO BLISTER AUTOSERVICIO RETAIL + RASCA | C1195: 98948
A1196: 1534 | B1196: SIMCARD M2M IDEMIA (OBERTHUR) | C1196: 1534
A1197: 113950 | B1197: Usim Tuenti Prepago Blíster Numerada $ 5.00 | C1197: 113950
A1198: 113950 | B1198: Usim Tuenti Prepago Celofán Numerada $5 SinSticker | C1198: 113950
A1199: 113950 | B1199: Usim Tuenti Prepago Celofán Numerada $ 5.00 | C1199: 113950
A1200: 113950 | B1200: Usim Tuenti Prepago Blíster Numerada $ 10.00 | C1200: 113950
A1201: 113950 | B1201: Usim Tuenti Prepago Celofán Numerada $ 10.00 | C1201: 113950
A1202: 113950 | B1202: Usim Tuenti Prepago Blíster Numerada $ 15.00 | C1202: 113950
A1203: 113950 | B1203: Usim Tuenti Prepago Celofán Numerada $ 15.00 | C1203: 113950
A1204: 113950 | B1204: Usim Tuenti Prepago Blíster Numerada $ 20.00 | C1204: 113950
A1205: 113950 | B1205: Usim Tuenti Prepago Celofán Numerada $ 20.00 | C1205: 113950
A1206: 2324 | B1206: SIMCARD DESTRUCCIÓN | C1206: 2324
... A1243: 1 | B1243: SIMCARD PORTABILIDAD PREPAGO | C1243: 1
A1244: (en blanco) | B1244: MICROSIM 3FF PREPAGO PROMO SALDO $0 (NUMERA) 128K | C1244: (en blanco)
A1245: 162146 | B1245: USIM MULTISIM MOVISTAR | C1245: 162146
A1246: 162148 | B1246: SIMCARD M2M 3FF LTE | C1246: 162148
A1247: 162142 | B1247: Halfsim Tuenti Prepago Celofán Numerada $ 5.00 | C1247: 162142
A1248: 162142 | B1248: HALF SIM TUENTI SIN AUTENTICAR | C1248: 162142
A1249: 162121 | B1249: HALFSIM TUENTI | C1249: 162121
A1250: 162143 | B1250: HALFSIM M2M 2FF LTE SIN AUTENTICAR | C1250: 162143
A1251: 162144 | B1251: HALFSIM M2M 3FF LTE SIN AUTENTICAR | C1251: 162144
A1252: 162142 | B1252: HalfsimTuenti PrepagoCelofanNumerada $5sin sticker | C1252: 162142
A1253: 162142 | B1253: Halfsim Tuenti Prepago Celofán Numerada $10.00 | C1253: 162142
A1254: 162142 | B1254: Halfsim Tuenti Prepago Celofán Numerada $20.00 | C1254: 162142
A1255: 162146 | B1255: USIM CHIP PREPAGO WIFI MOVIL $5 AUTOSERVICIO | C1255: 162146
A1256: 162142 | B1256: Halfsim Tuenti Prepago Celofán Numerada $25.00 | C1256: 162142
... A1259: 162121 | B1259: HALFSIM TUENTI CELOFAN REPOSICION | C1259: 162121

Sheet REFERENCIA
A1: REFERENCIA SICSA | B1: REFERENCIA SCL | F1: CANAL | G1: CANAL 2 | I1: ALMACEN
A2: MICROSIM 3FF POSPAGO 128K | B2: MICROSIM 3FF POSPAGO 128K | F2: Indirecto | G2: CANAL INDIRECTO | I2: Bodega Cuarentena | J2: NO DISPONIBLE
A3: MICROSIM 3FF PREPAGO 128K | B3: MICROSIM 3FF PREPAGO 128K | F3: Tienda Virtual | G3: CANAL INDIRECTO | I3: Bodega Produccion | J3: DISPONIBLE
A4: MICROSIM 3FF PREPAGO PROMO SALDO $0 (NUMERADA) 128K | B4: MICROSIM 3FF PREPAGO 128K (NUMERADA) | F4: Retail | G4: CANAL INDIRECTO | I4: Bodega Servicio Técnico | J4: NO DISPONIBLE
A5: MICROSIM 3FF PREPAGO PROMO SALDO $3 (NUMERADA) 128K | B5: MICROSIM 3FF PREPAGO 128K (NUMERADA) | F5: Directo | G5: CANAL DIRECTO | I5: Bunker Tarjetas | J5: DISPONIBLE
A6: MICROSIM PORTABILIDAD 3FF POSPAGO 128K | B6: MICROSIM 3FF POSPAGO 128K | F6: Cliente Final | G6: CANAL INDIRECTO | I6: Devolucion | J6: NO DISPONIBLE
A7: MICROSIM REPOSICION 3FF POSPAGO 128K | B7: MICROSIM 3FF POSPAGO 128K | F7: CANAL ONLINE | G7: CANAL DIRECTO | I7: Devolucion Delivery | J7: NO DISPONIBLE
A8: MINISIMCARD CUT POSPAGO | B8: MICROSIM 3FF POSPAGO | F8: BTB | G8: CANAL DIRECTO | I8: Matriz /tarjetas | J8: DISPONIBLE
A9: NANO SIMCARD 128K 4FF POSPAGO | B9: NANO SIMCARD 4FF POSPAGO 128K | F9: CONSORCIO SEGURIDAD | G9: CANAL DIRECTO | I9: Scrap | J9: NO DISPONIBLE
A10: NANO SIMCARD 4FF POSPAGO 128K | B10: NANO SIMCARD 4FF POSPAGO 128K | F10: 2083 | G10: CANAL DIRECTO | I10: Tienda Virtual | J10: DISPONIBLE
A11: NANO SIMCARD CUT 128K 4FF POSPAGO | B11: NANO SIMCARD 4FF POSPAGO 128K | F11: CASINDQUICAS1118 | G11: CANAL DIRECTO | I11: CONTINGENCIA GYE | J11: NO DISPONIBLE
A12: PACK 10 CHIPS PREP PROMO PLAST SALDO $0 (NUMERADA) 128K | B12: SIMCARD 2FF PREPAGO 128K (NUMERADA) | I12: SIN AUTENTICAR | J12: DISPONIBLE
A13: PACK 2 CHIPS PREP 2FF PROMO PLAST SALDO $0 NUM 128K DISTRIM | B13: SIMCARD 2FF PREPAGO 128K (NUMERADA) | I13: No Autentificado | J13: DISPONIBLE
A14: PACK 2 CHIPS PREP 2FF/3FF PROMO PLASTI SALDO $0 (NUMERADA) 128K | B14: SIMCARD 2FF PREPAGO 128K (NUMERADA) | I14: BODEGA CENTRAL | J14: DISPONIBLE
A15: PACK 2 CHIPS PREP 2FF/3FF PROMO PLASTI+SALDO $0 (NUMERADA) 128K | B15: SIMCARD 2FF PREPAGO 128K (NUMERADA) | I15: DELIVERY | J15: DISPONIBLE
A16: PACK 2 CHIPS PREP PROMO PLASTI SALDO $0 (NUMERADA) 128K | B16: SIMCARD 2FF PREPAGO 128K (NUMERADA) | I16: PRODUCCION | J16: DISPONIBLE
A17: PACK 5 CHIPS PREP PROMO PLASTI SALDO $0 (NUMERADA) 128K | B17: SIMCARD 2FF PREPAGO 128K (NUMERADA) | I17: MATERIA PRIMA | J17: DISPONIBLE
A18: SIMCARD 2FF POSTPAGO 128K | B18: SIMCARD 2FF POSTPAGO 128K
A19: SIMCARD 2FF POSTPAGO+128K | B19: SIMCARD 2FF POSTPAGO 128K
A20: SIMCARD 2FF PREPAGO 128K | B20: SIMCARD 2FF PREPAGO 128K
A21: SIMCARD 2FF PREPAGO PROMO SALDO $0 (NUMERADA) 128K | B21: SIMCARD 2FF PREPAGO 128K (NUMERADA)
A22: SIMCARD 2FF PREPAGO PROMO SALDO $0 (NUMERADA) 128K VIRTCORP | B22: SIMCARD 2FF PREPAGO 128K (NUMERADA)
A23: SIMCARD 2FF PREPAGO PROMOSALDO $0 (NUMERADA) 128K (PROYECTO | B23: SIMCARD 2FF PREPAGO 128K (NUMERADA)
A24: SIMCARD 2FF PREPAGO+128K | B24: SIMCARD 2FF PREPAGO 128K
A25: SIMCARD 2FF/3FF POSPAGO 128K | B25: SIMCARD 2FF POSTPAGO 128K
A26: SIMCARD 2FF/3FF POSPAGO+128K | B26: SIMCARD 2FF POSTPAGO 128K
A27: SIMCARD M2M POSPAGO GD BURTI | B27: SIMCARD M2M POSPAGO GD BURTI
A28: SIMCARD M2M POSPAGO GEMALTO | B28: SIMCARD M2M POSPAGO GEMALTO
A29: SIMCARD PORTABILIDAD (POSPAGO) 128K | B29: SIMCARD 2FF POSTPAGO 128K
... A189: HALFSIM TUENTI CELOFAN REPOSICION | B189: HALFSIM TUENTI CELOFAN REPOSICION

Sheet RESUMEN INVENTARIO T
A1: STATUS | B1: DISPONIBLE | N1: STATUS | O1: DISPONIBLE
A3: Suma de STOCK | C3: DISPONIBILIDAD | D3: ALMACEN | N3: Suma de STOCK | P3: DISPONIBILIDAD | Q3: ALMACEN
C4: STOCK DISPONIBLE | D4: STOCK DISPONIBLE | E4: STOCK DISPONIBLE | F4: STOCK DISPONIBLE | G4: STOCK DISPONIBLE | H4: Total general | I4: STOCK DISPONIBLE PRODUCIDO | P4: STOCK DISPONIBLE | Q4: STOCK DISPONIBLE | R4: Total general
A5: SCL 2 | B5: ARTICULO SCL | C5: Bunker Tarjetas | D5: Matriz /tarjetas | E5: Tienda Virtual | F5: Bodega Produccion | G5: SIN AUTENTICAR | N5: SCL 2 | O5: ARTICULO SCL | P5: Matriz /tarjetas | Q5: SIN AUTENTICAR
A6: 714 | B6: SIMCARD 2FF PREPAGO 128K | C6: 25 | H6: 25 | I6: =+C6+E6 | N6: 105944 | O6: DISTRIBUCION NUMERADA | P6: 22773 | R6: 22773
A7: 1534 | B7: SIMCARD M2M POSPAGO GEMALTO | C7: 23463 | E7: 3849 | H7: 27312 | I7: =+C7+E7 | N7: 162113 | O7: USIM MAXI | P7: 29840 | Q7: 149991 | R7: 179831
A8: 84948 | B8: USIM TUENTI PREPAGO (CELOFÁN) | C8: 1 | H8: 1 | I8: =+C8+E8 | N8: 162114 | O8: USIM AKI | Q8: 149991 | R8: 149991
A9: 96946 | B9: SUPER CHIP AUTOSERVICIOS INTERNET(numeradas) | C9: 1541 | H9: 1541 | I9: =+C9+E9 | N9: Total general | P9: 52613 | Q9: 299982 | R9: 352595
A10: 98948 | B10: SIM SUPER CHIP AUTOSERVICIOS (numeradas) | D10: 152 | H10: 152 | I10: =+C10+E10
A11: 105944 | B11: DISTRIBUCION NUMERADA | D11: 22773 | H11: 22773 | I11: =+C11+E11
A12: 113950 | B12: Usim Tuenti Prepago Celofán Numerada $5 SinSticker | C12: 2309 | H12: 2309 | I12: =+C12+E12
A13: 113950 | B13: Usim Tuenti Prepago Celofán Numerada $ 5.00 | C13: 12056 | E13: 12 | H13: 12068 | I13: =+C13+E13
A14: 113950 | B14: Usim Tuenti Prepago Celofán Numerada Freemium$3.00 | C14: 774 | H14: 774 | I14: =+C14+E14
A15: 113950 | B15: USIM GENERICA SIN AUTENTICAR | C15: 8 | H15: 8 | I15: =+C15+E15
A16: 140948 | B16: CHIP PREPAGO AUTOSERVICIOS TURISTA numerada | C16: 5 | H16: 5 | I16: =+C16+E16
A17: 162047 | B17: SIMCARD M2M 3FF LTE | C17: 9126 | E17: 1417 | H17: 10543 | I17: =+C17+E17
A18: 162046 | B18: SIMCARD M2M 2FF LTE | C18: 398 | D18: 9996 | E18: 2273 | H18: 12667 | I18: =+C18+E18
A19: 162048 | B19: SIMCARD M2M 4FF LTE | C19: 2755 | E19: 206 | H19: 2961 | I19: =+C19+E19
A20: 2748 | B20: USIM PORTABILIDAD MAXIPLUS | C20: 5524 | H20: 5524 | I20: =+C20+E20
A21: 2749 | B21: USIM REPOSICION MAXIPLUS | C21: 842 | H21: 842 | I21: =+C21+E21
A22: 2751 | B22: USIM PORTABILIDAD AKIMOVIL | C22: 2624 | H22: 2624 | I22: =+C22+E22
A23: 2752 | B23: USIM REPOSICION AKIMOVIL | C23: 592 | H23: 592 | I23: =+C23+E23
A24: 2747 | B24: USIM NUMERADA MAXIPLUS | C24: 15520 | H24: 15520 | I24: =+C24+E24
A25: 2750 | B25: USIM NUMERADA AKIMOVIL | C25: 483 | H25: 483 | I25: =+C25+E25
A26: 162092 | B26: CHIP PREPAGO $3 NUMERADO | C26: 60414 | F26: 39994 | H26: 100408 | I26: =+C26+E26
A27: 162089 | B27: CHIP PREPAGO $5 AUTOSERVICIO | C27: 2940 | H27: 2940 | I27: =+C27+E27
A28: 162090 | B28: CHIP PREPAGO $5 NUMERADO | C28: 9259 | H28: 9259 | I28: =+C28+E28
A29: 162082 | B29: SIM KITE M2M 2FF STANDARD | D29: 10000 | E29: 5179 | G29: 25000 | H29: 40179 | I29: =+C29+E29
A30: 162084 | B30: SIM KITE M2M 3FF HIGH TEMP | D30: 5000 | E30: 4975 | G30: 10000 | H30: 19975 | I30: =+C30+E30
A31: 162086 | B31: SIM KITE M2M 4FF | D31: 2500 | E31: 2498 | G31: 5000 | H31: 9998 | I31: =+C31+E31
A32: 162113 | B32: USIM MAXI | D32: 29840 | G32: 149991 | H32: 179831 | I32: =+C32+E32
A33: 162114 | B33: USIM AKI | G33: 149991 | H33: 149991 | I33: =+C33+E33
A34: 162119 | B34: ESIM EVOUCHERS CODE QR | C34: 129 | E34: 266 | H34: 395 | I34: =+C34+E34
A35: 162146 | B35: USIM MULTISIM MOVISTAR | C35: 70818 | D35: 92378 | E35: 10209 | H35: 173405 | I35: =+C35+E35
A36: 162142 | B36: Halfsim Tuenti Prepago Celofán Numerada $ 5.00 | C36: 24787 | H36: 24787 | I36: =+C36+E36
A37: 162142 | B37: HalfsimTuenti PrepagoCelofanNumerada $5sin sticker | C37: 17361 | H37: 17361 | I37: =+C37+E37
A38: 162142 | B38: Halfsim Tuenti Prepago Celofán Numerada $10.00 | C38: 1422 | H38: 1422 | I38: =+C38+E38
A39: 162142 | B39: Halfsim Tuenti Prepago Celofán Numerada $20.00 | C39: 963 | H39: 963 | I39: =+C39+E39+D39
A40: 162142 | B40: Halfsim Tuenti Prepago Celofán Numerada $25.00 | C40: 978 | H40: 978 | I40: =+C40+E40+D40
A41: 162120 | B41: HALF SIM MOVISTAR | D41: 494922 | G41: 179969 | H41: 674891 | I41: =+C41+E41+D41
A42: 162121 | B42: HALFSIM TUENTI | D42: 99990 | G42: 245986 | H42: 345976 | I42: =+C42+E42+D42
A43: 162121 | B43: HALFSIM TUENTI CELOFAN PORTABILIDAD | C43: 8584 | H43: 8584 | I43: =+C43+E43
A44: 162121 | B44: HALFSIM TUENTI CELOFAN REPOSICION | C44: 3998 | H44: 3998 | I44: =+C44+E44
A45: 162143 | B45: HALFSIM M2M 2FF LTE SIN AUTENTICAR | G45: 29996 | H45: 29996 | I45: =+C45+E45
A46: 162144 | B46: HALFSIM M2M 3FF LTE SIN AUTENTICAR | G46: 24996 | H46: 24996 | I46: =+C46+E46+D46
A47: Total general | C47: 279699 | D47: 767551 | E47: 30884 | F47: 39994 | G47: 820929 | H47: 1939057 | I47: =+C47+E47+D47
I48: =+C48+E48
I49: =+C49+E49
I50: =+C50+E50
I51: =+C51+E51

Sheet RESUMEN DESPACHO
A4: CANAL 2 | B4: DESCRIPCION SCL 2 | C4: Suma de CANTIDAD
A5: CANAL INDIRECTO | B5: CHIP PREPAGO $3 NUMERADO | C5: 91075
A6: CANAL INDIRECTO | B6: CHIP PREPAGO $5 AUTOSERVICIO | C6: 3445
A7: CANAL INDIRECTO | B7: SIM KITE M2M 2FF STANDARD | C7: 8097
A8: CANAL INDIRECTO | B8: SIMCARD M2M POSPAGO GEMALTO | C8: 421
A9: CANAL INDIRECTO | B9: USIM TUENTI PREPAGO (CELOFÁN) | C9: 9768
A10: CANAL INDIRECTO | B10: Usim Tuenti Prepago Blíster Numerada $ 10.00 | C10: 204
A11: CANAL INDIRECTO | B11: Usim Tuenti Prepago Blíster Numerada $ 20.00 | C11: 28
A12: CANAL INDIRECTO | B12: Usim Tuenti Prepago Blíster Numerada $ 5.00 | C12: 19810
A13: CANAL INDIRECTO | B13: Usim Tuenti Prepago Celofán Numerada $ 5.00 | C13: 33100
A14: CANAL INDIRECTO | B14: Usim Tuenti Prepago Celofán Numerada $5 SinSticker | C14: 14434
A15: CANAL INDIRECTO | B15: SIM KITE M2M 3FF HIGH TEMP | C15: 26
A16: CANAL INDIRECTO | B16: USIM MULTISIM MOVISTAR | C16: 44514
... A36: CANAL DIRECTO | B36: USIM CHIP PREPAGO WIFI MOVIL $5 AUTOSERVICIO | C36: 1500
A37: Total general | C37: 263469
F540: 8959300320527010000 | G540: USIM MULTISIM POSPAGO | L540: 1 | M540: 1599 | N540: 81944
F541: 8959300320527160000 | G541: USIM MULTISIM POSPAGO | L541: 1 | M541: 1599 | N541: 81944
F542: 8959300320527160000 | G542: USIM MULTISIM POSPAGO | L542: 1 | M542: 1599 | N542: 81944
F543: 8959300320527160000 | G543: USIM MULTISIM POSPAGO | L543: 1 | M543: 1599 | N543: 81944

Sheet INVENTARIO
A1: ALMACEN | B1: DESCRIPCION | C1: ARTICULO DEL CLIENTE | D1: COD ARTICULO | E1: STOCK | F1: STATUS | G1: ARTICULO SCL | H1: SCL 2 | I1: DISPONIBILIDAD
A2: BODEGA CENTRAL | B2: HALFSIM AKIMOVIL SIM NUMERADA 15D | C2: 162524_07 | D2: 162524 | E2: 4000 | F2: DISPONIBLE | I2: STOCK DISPONIBLE
A3: BODEGA CENTRAL | B3: HALFSIM MAXIPLUS SIM NUMERADA 15D | C3: 162523_07 | D3: 162523 | E3: 2000 | F3: DISPONIBLE | I3: STOCK DISPONIBLE
A4: BODEGA CENTRAL | B4: HALFSIM MAXIPLUS SIM NUMERADA 30D | C4: 162523_08 | D4: 162523 | E4: 2000 | F4: DISPONIBLE | I4: STOCK DISPONIBLE
A5: BODEGA CENTRAL | B5: HALFSIM TIGO | C5: 163140 | D5: 163140 | E5: 1999 | F5: DISPONIBLE | I5: STOCK DISPONIBLE
A6: MATERIA PRIMA | B6: ESIM TIGO DIGITAL | C6: 163141 | D6: 163141 | E6: 139986 | F6: DISPONIBLE | I6: STOCK DISPONIBLE
A7: MATERIA PRIMA | B7: HALFSIM KITE M2M 2FF DEVICE CONTROL BLANCA | C7: 162594_01 | D7: 162594 | E7: 10000 | F7: DISPONIBLE | I7: STOCK DISPONIBLE
A8: PRODUCCION | B8: HALFSIM TIGO PORTABILIDAD | C8: 163140_06 | D8: 163140 | E8: 19999 | F8: DISPONIBLE | I8: STOCK DISPONIBLE
A9: BODEGA CENTRAL | B9: ESIM MAXIPLUS | C9: 162822 | D9: 162822 | E9: 1946 | F9: DISPONIBLE | I9: STOCK DISPONIBLE
A10: BODEGA CENTRAL | B10: HALFSIM KITE M2M 4FF DEVICE CONTROL TELEFONICA | C10: 162699 | D10: 162699 | E10: 5199 | F10: DISPONIBLE | I10: STOCK DISPONIBLE
A11: BODEGA CENTRAL | B11: HALFSIM TIGO CHIP PREPAGO $3 WP CANAL DIRECTO NUMERADO | C11: 163140_03 | D11: 163140 | E11: 4999 | F11: DISPONIBLE | I11: STOCK DISPONIBLE
A12: BODEGA CENTRAL | B12: HALFSIM TIGO CHIP PREPAGO $3 WP NUMERADO | C12: 163140_02 | D12: 163140 | E12: 219814 | F12: DISPONIBLE | I12: STOCK DISPONIBLE
A13: BODEGA CENTRAL | B13: HALFSIM TIGO PORTABILIDAD | C13: 163140_06 | D13: 163140 | E13: 37576 | F13: DISPONIBLE | I13: STOCK DISPONIBLE
... A54: MATERIA PRIMA | B54: ESIM AKIMOVIL | C54: 162823 | D54: 162823 | E54: 4998 | F54: DISPONIBLE | I54: STOCK DISPONIBLE

Sheet DESPACHOS 20 DIAS
A1: FECHA | B1: PEDIDO | C1: CLAVE FLEXNET | D1: CLAVE CLIENTE | E1: DESCRIPCION | F1: CANTIDAD | G1: VALORADO | H1: PMP | I1: CODIGO DESPACHO | J1: CLIENTE | K1: RUC | L1: CIUDAD | M1: CANAL | N1: CANAL 2 | O1: DESCRIPCION SCL 2 | P1: SCL
A2: 02/10/2026 | B2: 16500487 | C2: 163140 | D2: 163140 | E2: HALFSIM TIGO | F2: 1 | G2: 0.69 | H2: 0.69 | J2: BRITO ORTIZ FAUSTO DIEGO_BRITO ORTIZ FAUSTO DIEGO | K2: 1704454394001 | M2: BTB | N2: CANAL DIRECTO
A3: 02/10/2026 | B3: 16500487 | C3: 163140 | D3: 163140 | E3: HALFSIM TIGO | F3: 1 | G3: 0.69 | H3: 0.69 | J3: BRITO ORTIZ FAUSTO DIEGO_BRITO ORTIZ FAUSTO DIEGO | K3: 1704454394001 | M3: BTB | N3: CANAL DIRECTO
A4: 02/10/2026 | B4: 97720760 | C4: 163140 | D4: 163140 | E4: HALFSIM TIGO | F4: 1 | G4: 0.69 | H4: 0.69 | J4: María Eugenia Vera Cevallos | K4: 1310783459 | L4: Manta | M4: Cliente Final | N4: CANAL INDIRECTO
A5: 02/10/2026 | B5: 97723550 | C5: 163140 | D5: 163140 | E5: HALFSIM TIGO | F5: 1 | G5: 0.69 | H5: 0.69 | J5: Andy Gabriel Panezo Piza | K5: 0957668056 | L5: Quito | M5: Cliente Final | N5: CANAL INDIRECTO
A6: 02/10/2026 | B6: 97726248 | C6: 163140 | D6: 163140 | E6: HALFSIM TIGO | F6: 1 | G6: 0.69 | H6: 0.69 | J6: LILIANA MARGOTH YANZA VILLAGRAN | K6: 1723345813 | L6: Quito | M6: Cliente Final | N6: CANAL INDIRECTO
A7: 02/10/2026 | B7: 97726432 | C7: 163140 | D7: 163140 | E7: HALFSIM TIGO | F7: 1 | G7: 0.69 | H7: 0.69 | J7: Lisbeth Carolina Saltos Proaño | K7: 1004824965 | L7: Ibarra | M7: Cliente Final | N7: CANAL INDIRECTO
A8: 02/10/2026 | B8: 97727391 | C8: 163140 | D8: 163140 | E8: HALFSIM TIGO | F8: 1 | G8: 0.69 | H8: 0.69 | J8: William Andrés Ibadango Cuascota | K8: 1004293526 | L8: Ibarra | M8: Cliente Final | N8: CANAL INDIRECTO
A9: 02/10/2026 | B9: 16501055 | C9: 163140 | D9: 163140 | E9: HALFSIM TIGO | F9: 22 | G9: 15.18 | H9: 0.69 | J9: KEVIN FERNANDEZ_CEPAPRODUCCION CIA LTDA | K9: 1792199689001 | M9: BTB | N9: CANAL DIRECTO
A10: 02/10/2026 | B10: 16501610 | C10: 163140 | D10: 163140 | E10: HALFSIM TIGO | F10: 1 | G10: 0.69 | H10: 0.69 | J10: GALO ACOSTA_PUBLIMARKCACORPORACION EMPRESARIAL S A S | K10: 1793186084001 | M10: BTB | N10: CANAL DIRECTO
A11: 02/10/2026 | B11: 16501730 | C11: 163140 | D11: 163140 | E11: HALFSIM TIGO | F11: 1 | G11: 0.69 | H11: 0.69 | J11: UMAQUINGA SERRANO DARIO XAVIER_UMAQUINGA SERRANO DARIO XAVIER | K11: 1717964009001 | M11: BTB | N11: CANAL DIRECTO
A12: 02/10/2026 | B12: 16501749 | C12: 163140 | D12: 163140 | E12: HALFSIM TIGO | F12: 1 | G12: 0.69 | H12: 0.69 | J12: NARANJO CRUZ GUILLERMO MOISES_NARANJO CRUZ GUILLERMO MOISES | K12: 0952555274001 | M12: BTB | N12: CANAL DIRECTO
A13: 02/10/2026 | B13: 16501782 | C13: 163140 | D13: 163140 | E13: HALFSIM TIGO | F13: 1 | G13: 0.69 | H13: 0.69 | J13: RIVERA VALENZUELA MARIO AUGUSTO_RIVERA VALENZUELA MARIO AUGUSTO | K13: 1711382109001 | M13: BTB | N13: CANAL DIRECTO
A14: 02/10/2026 | B14: 16501800 | C14: 163140 | D14: 163140 | E14: HALFSIM TIGO | F14: 14 | G14: 9.66 | H14: 0.69 | J14: TV CABLE SANTA ANA TVCABSA S A _TV CABLE SANTA ANA TVCABSA S A | K14: 1791275101001 | M14: BTB | N14: CANAL DIRECTO
A15: 02/10/2026 | B15: 16501786 | C15: 163140 | D15: 163140 | E15: HALFSIM TIGO | F15: 1 | G15: 0.69 | H15: 0.69 | J15: REYES SOLIS DARWIN BELLINI_ASOCIACION DE DOCENTES ADMINISTRATIVOS Y DE SERVICIOS DE LA U P S Q | K15: 1791725468001 | M15: BTB | N15: CANAL DIRECTO
A16: 02/10/2026 | B16: 16501791 | C16: 163140 | D16: 163140 | E16: HALFSIM TIGO | F16: 7 | G16: 4.83 | H16: 0.69 | J16: PAMELA GONZALEZ_MAGNETOCORP S A | K16: 0991306080001 | M16: BTB | N16: CANAL DIRECTO
A17: 02/10/2026 | B17: 16501814 | C17: 163140 | D17: 163140 | E17: HALFSIM TIGO | F17: 1 | G17: 0.69 | H17: 0.69 | J17: KAREN VELOZ ORELLANA_PESTSCONTROL S A | K17: 0993076562001 | M17: BTB | N17: CANAL DIRECTO
A18: 02/10/2026 | B18: 16501818 | C18: 163140 | D18: 163140 | E18: HALFSIM TIGO | F18: 1 | G18: 0.69 | H18: 0.69 | J18: LUIGI DENNIS BENAVIDES OBANDO_RODRIGUEZ CAMPOS EMMANUEL JESUS ALEJANDRO | K18: 1757865124001 | M18: BTB | N18: CANAL DIRECTO
A19: 02/10/2026 | B19: 16501819 | C19: 163140 | D19: 163140 | E19: HALFSIM TIGO | F19: 3 | G19: 2.07 | H19: 0.69 | J19: DAMARIS CELDO_FARMACOS Y COSMETICOS VETERINARIOS S A FARCOVETSA | K19: 0992675586001 | M19: BTB | N19: CANAL DIRECTO
A20: 02/10/2026 | B20: 16501862 | C20: 163140 | D20: 163140 | E20: HALFSIM TIGO | F20: 1 | G20: 0.69 | H20: 0.69 | J20: FANNY LEON_EMPRESA HOTELERA LUCUPA S A | K20: 0190166953001 | M20: BTB | N20: CANAL DIRECTO
... A26: 02/10/2026 | B26: 16501946 | C26: 163140 | D26: 163140 | E26: HALFSIM TIGO | F26: 1 | G26: 0.69 | H26: 0.69 | J26: VERONICA INIGUEZ_ASOCIACION MUTUALISTA DE AHORRO Y CREDITO PARA LA VIVIENDA AZUAY | K26: 0190006247001 | M26: BTB | N26: CANAL DIRECTO
A27: 02/10/2026 | B27: 97732642 | C27: 163140 | D27: 163140 | E27: HALFSIM TIGO | F27: 1 | G27: 0.69 | H27: 0.69 | J27: Ana Garcia | K27: 1312553900 | L27: 0.963786,-79.6270917 | M27: Cliente Final | N27: CANAL INDIRECTO
A28: 02/10/2026 | B28: 97732974 | C28: 163140 | D28: 163140 | E28: HALFSIM TIGO | F28: 1 | G28: 0.69 | H28: 0.69 | J28: Marjorie Toledo | K28: 1722755699 | L28: -0.171304,-78.4885531 | M28: Cliente Final | N28: CANAL INDIRECTO
A29: 02/10/2026 | B29: 97733270 | C29: 163140 | D29: 163140 | E29: HALFSIM TIGO | F29: 1 | G29: 0.69 | H29: 0.69 | J29: Dan Haro | K29: 1724758097 | L29: -0.20927885617581624,-78.40742984473304 | M29: Cliente Final | N29: CANAL INDIRECTO
A30: 02/10/2026 | B30: 97733411 | C30: 163140 | D30: 163140 | E30: HALFSIM TIGO | F30: 1 | G30: 0.69 | H30: 0.69 | J30: Josue Almeida | K30: 1724754500 | L30: -0.2185265,-78.4868646 | M30: Cliente Final | N30: CANAL INDIRECTO
A31: 02/10/2026 | B31: 97733621 | C31: 163140 | D31: 163140 | E31: HALFSIM TIGO | F31: 1 | G31: 0.69 | H31: 0.69 | J31: KEITLYN Machado | K31: 0959097544 | L31: -2.197306,-79.9162964 | M31: Cliente Final | N31: CANAL INDIRECTO
A32: 02/10/2026 | B32: 16501947 | C32: 163140 | D32: 163140 | E32: HALFSIM TIGO | F32: 3 | G32: 2.07 | H32: 0.69 | J32: BORIS GRANDA YEPEZ_SURTAX S A | K32: 0991414649001 | M32: BTB | N32: CANAL DIRECTO
A33: 02/10/2026 | B33: 16501951 | C33: 163140 | D33: 163140 | E33: HALFSIM TIGO | F33: 20 | G33: 13.8 | H33: 0.69 | J33: VANESA AVILES_MEDICINA PARA EL ECUADOR MEDIECUADOR HUMANA S A | K33: 1791279352001 | M33: BTB | N33: CANAL DIRECTO
A34: 02/10/2026 | B34: 16501971 | C34: 163140 | D34: 163140 | E34: HALFSIM TIGO | F34: 3 | G34: 2.07 | H34: 0.69 | J34: BORIS GRANDA YEPEZ_DEPOSITO Y TRANSPORTE DE CARGA PESADA DEPTRANS S A | K34: 0992655674001 | M34: BTB | N34: CANAL DIRECTO
A35: 02/10/2026 | B35: 16501974 | C35: 163140 | D35: 163140 | E35: HALFSIM TIGO | F35: 1 | G35: 0.69 | H35: 0.69 | J35: SARA ORELLANA_OREBRI CIA LTDA | K35: 0190086550001 | M35: BTB | N35: CANAL DIRECTO
A36: 02/10/2026 | B36: 16501990 | C36: 163140 | D36: 163140 | E36: HALFSIM TIGO | F36: 1 | G36: 0.69 | H36: 0.69 | J36: NANCY PAZMINO_BANGARA S A | K36: 0992117192001 | M36: BTB | N36: CANAL DIRECTO
A37: 02/10/2026 | B37: 16501991 | C37: 163140 | D37: 163140 | E37: HALFSIM TIGO | F37: 10 | G37: 6.9 | H37: 0.69 | J37: ANAHI CANARTE_INDUSTRIA ATUNERA S A INDUATUN | K37: 1391701926001 | M37: BTB | N37: CANAL DIRECTO
A38: 02/10/2026 | B38: 16502008 | C38: 163140 | D38: 163140 | E38: HALFSIM TIGO | F38: 1 | G38: 0.69 | H38: 0.69 | J38: DUCHE SALAZAR JUANA ESTHELA_DEMI NATURE CORPORATION DEMINATUCORP S A S | K38: 0993386337001 | M38: BTB | N38: CANAL DIRECTO
A39: 02/10/2026 | B39: 2026-08033 | C39: 163140 | D39: 163140 | E39: HALFSIM TIGO | F39: 100 | G39: 69 | H39: 0.69 | J39: AE SALESLAND MALL DEL NORTE_JULY FREIRE | K39: 1713085593 | M39: INDIRECTO | N39: CANAL INDIRECTO
A40: 02/10/2026 | B40: 2026-08035 | C40: 163140_02 | D40: 163140 | E40: HALFSIM TIGO CHIP PREPAGO $3 WP NUMERADO | F40: 700 | G40: 483 | H40: 0.69 | J40: TARSISINVEST TUENTI SANTA ELENA_MARCO VINICIO BASTIDAS TOALA | K40: 0992862459001 | M40: INDIRECTO | N40: CANAL INDIRECTO
A41: 02/10/2026 | B41: 2026-08036 | C41: 163140 | D41: 163140 | E41: HALFSIM TIGO | F41: 100 | G41: 69 | H41: 0.69 | J41: CAVS AE SALESLAND SCALA_JULY FREIRE | K41: 1713085593 | M41: INDIRECTO | N41: CANAL INDIRECTO
A42: 02/10/2026 | B42: 2026-08037 | C42: 163140 | D42: 163140 | E42: HALFSIM TIGO | F42: 100 | G42: 69 | H42: 0.69 | J42: CAVS AE SALESLAND CUENCA REMIGIO_JULY FREIRE | K42: 0 | M42: INDIRECTO | N42: CANAL INDIRECTO
A43: 02/10/2026 | B43: 2026-08038 | C43: 163140 | D43: 163140 | E43: HALFSIM TIGO | F43: 100 | G43: 69 | H43: 0.69 | J43: CAVS AE SALESLAND PASEO SHOPPING MACHALA_JULY FREIRE | K43: 0999805380 | M43: INDIRECTO | N43: CANAL INDIRECTO
... A76: 02/10/2026 | B76: 16502167 | C76: 163140 | D76: 163140 | E76: HALFSIM TIGO | F76: 1 | G76: 0.69 | H76: 0.69 | J76: CECILIA BASTIDAS KEVIN CARRION_BANCO INTERNACIONAL | K76: 1790098354001 | M76: BTB | N76: CANAL DIRECTO
A77: 03/10/2026 | B77: 97728093 | C77: 163140 | D77: 163140 | E77: HALFSIM TIGO | F77: 1 | G77: 0.69 | H77: 0.69 | J77: Antonella Ayora | K77: 0850442880 | L77: Villamil | M77: Cliente Final | N77: CANAL INDIRECTO
A78: 05/10/2026 | B78: 16500440 | C78: 163140 | D78: 163140 | E78: HALFSIM TIGO | F78: 1 | G78: 0.69 | H78: 0.69 | J78: SIMBANA CANDO EDWIN XAVIER_SIMBANA CANDO EDWIN XAVIER | K78: 1713907754001 | M78: BTB | N78: CANAL DIRECTO
A79: 05/10/2026 | B79: 16500565 | C79: 163140 | D79: 163140 | E79: HALFSIM TIGO | F79: 1 | G79: 0.69 | H79: 0.69 | J79: CARLOS LOPEZ DELGADO_MANACRIPEX CIA LTDA MANABITA DE CRIA PESCA Y E | K79: 1391700830001 | M79: BTB | N79: CANAL DIRECTO
A80: 05/10/2026 | B80: 16500720 | C80: 162141 | D80: 162141 | E80: HALFSIM MOVISTAR | F80: 1 | G80: 0.69 | H80: 0.69 | J80: ANTHONY VALDEZ_VALDEZ VALENCIA ANTHONY JESUS | K80: 0850525148001 | M80: BTB | N80: CANAL DIRECTO
A81: 05/10/2026 | B81: 16500720 | C81: 162141 | D81: 162141 | E81: HALFSIM MOVISTAR | F81: 1 | G81: 0.69 | H81: 0.69 | J81: ANTHONY VALDEZ_VALDEZ VALENCIA ANTHONY JESUS | K81: 0850525148001 | M81: BTB | N81: CANAL DIRECTO
A82: 05/10/2026 | B82: 97723174 | C82: 163140 | D82: 163140 | E82: HALFSIM TIGO | F82: 1 | G82: 0.69 | H82: 0.69 | J82: Bri Macay | K82: 0944108455 | L82: Guayaquil | M82: Cliente Final | N82: CANAL INDIRECTO
A83: 05/10/2026 | B83: 97732099 | C83: 163140 | D83: 163140 | E83: HALFSIM TIGO | F83: 1 | G83: 0.69 | H83: 0.69 | J83: Joan Manuel Quiroz Mero | K83: 1309479143 | L83: Manta | M83: Cliente Final | N83: CANAL INDIRECTO
A84: 05/10/2026 | B84: 16501565 | C84: 163140 | D84: 163140 | E84: HALFSIM TIGO | F84: 1 | G84: 0.69 | H84: 0.69 | J84: SHIRLEY MINDA_TANIA ESPINOZA | K84: 1793118410001 | M84: BTB | N84: CANAL DIRECTO
A85: 05/10/2026 | B85: 16502001 | C85: 163140 | D85: 163140 | E85: HALFSIM TIGO | F85: 1 | G85: 0.69 | H85: 0.69 | J85: HEREDIA VILLAMARIN CESAR FRANCISCO_HEREDIA VILLAMARIN CESAR FRANCISCO | K85: 1711092757001 | M85: BTB | N85: CANAL DIRECTO
A86: 05/10/2026 | B86: 16502095 | C86: 163140 | D86: 163140 | E86: HALFSIM TIGO | F86: 1 | G86: 0.69 | H86: 0.69 | J86: LUIS HERNAN PISUNA LLUGLLUNA_LUIS HERNAN PISUNA LLUGLLUNA | K86: 1718390113001 | M86: BTB | N86: CANAL DIRECTO
A87: 05/10/2026 | B87: 16502216 | C87: 163140 | D87: 163140 | E87: HALFSIM TIGO | F87: 1 | G87: 0.69 | H87: 0.69 | J87: SILVA GOYES CARLOS VINICIO_SILVA GOYES CARLOS VINICIO | K87: 1205131350001 | M87: BTB | N87: CANAL DIRECTO
A88: 05/10/2026 | B88: 16502096 | C88: 163140 | D88: 163140 | E88: HALFSIM TIGO | F88: 1 | G88: 0.69 | H88: 0.69 | J88: NATALIA EUGENIA GONZALEZ_SOLINTECE CIA LTDA | K88: 1792033713001 | M88: BTB | N88: CANAL DIRECTO
A89: 05/10/2026 | B89: 16502171 | C89: 163140 | D89: 163140 | E89: HALFSIM TIGO | F89: 10 | G89: 6.9 | H89: 0.69 | J89: ESTEFANIA CRUZ_PAYLESS SHOESOURCE ECUADOR CIA LTDA | K89: 1791807529001 | M89: BTB | N89: CANAL DIRECTO
A90: 05/10/2026 | B90: 16502182 | C90: 163140 | D90: 163140 | E90: HALFSIM TIGO | F90: 1 | G90: 0.69 | H90: 0.69 | J90: DIEGO BUSTAMANTE _ GATEGOURMET DEL ECUADOR CIA LTDA | K90: 1791411986001 | M90: BTB | N90: CANAL DIRECTO
A91: 05/10/2026 | B91: 16502184 | C91: 163140 | D91: 163140 | E91: HALFSIM TIGO | F91: 1 | G91: 0.69 | H91: 0.69 | J91: ISABEL ORTIZ_GERARDO ORTIZ E HIJOS CIA LTDA | K91: 0190072002001 | M91: BTB | N91: CANAL DIRECTO
A92: 05/10/2026 | B92: 16502186 | C92: 163140 | D92: 163140 | E92: HALFSIM TIGO | F92: 30 | G92: 20.7 | H92: 0.69 | J92: JESSICA QUEZADA_SERVICALLSUR C L | K92: 0190435938001 | M92: BTB | N92: CANAL DIRECTO
A93: 05/10/2026 | B93: 16502222 | C93: 163140 | D93: 163140 | E93: HALFSIM TIGO | F93: 1 | G93: 0.69 | H93: 0.69 | J93: YAJAIRA CALVA_AVICOLA NUTRIFRANK CIA LTDA | K93: 1191742121001 | M93: BTB | N93: CANAL DIRECTO
A94: 05/10/2026 | B94: 16502223 | C94: 163140 | D94: 163140 | E94: HALFSIM TIGO | F94: 10 | G94: 6.9 | H94: 0.69 | J94: MAURICIO PAZMINO_INDUSTRIASTERRA S A S | K94: 1591727793001 | M94: BTB | N94: CANAL DIRECTO
A95: 05/10/2026 | B95: 16502236 | C95: 163140 | D95: 163140 | E95: HALFSIM TIGO | F95: 1 | G95: 0.69 | H95: 0.69 | J95: VIVIANA LITARDO_CLUB DEPORTIVO BASICO GUAYAQUIL COUNTRY CLUB | K95: 0990086680001 | M95: BTB | N95: CANAL DIRECTO
... A97: 05/10/2026 | B97: 16502241 | C97: 163140 | D97: 163140 | E97: HALFSIM TIGO | F97: 30 | G97: 20.7 | H97: 0.69 | J97: DERLY CAMPOVERDE_MAINT S A | K97: 0990722161001 | M97: BTB | N97: CANAL DIRECTO
A98: 05/10/2026 | B98: 97722201 | C98: 163140 | D98: 163140 | E98: HALFSIM TIGO | F98: 1 | G98: 0.69 | H98: 0.69 | J98: Rogger Jesús Herdoiza Heras | K98: 0953846292 | L98: -2.2054803,-79.9327809 | M98: Cliente Final | N98: CANAL INDIRECTO
A99: 05/10/2026 | B99: 97722353 | C99: 163140 | D99: 163140 | E99: HALFSIM TIGO | F99: 1 | G99: 0.69 | H99: 0.69 | J99: Dhilan Chapi | K99: 1756013114 | L99: 0.0686324,-78.1301445 | M99: Cliente Final | N99: CANAL INDIRECTO
A100: 05/10/2026 | B100: 97723005 | C100: 163140 | D100: 163140 | E100: HALFSIM TIGO | F100: 1 | G100: 0.69 | H100: 0.69 | J100: Dagmar Alejandra Aroca Araujo | K100: 0957950207 | L100: -2.1887332,-79.8926662 | M100: Cliente Final | N100: CANAL INDIRECTO
A101: 05/10/2026 | B101: 97723031 | C101: 163140 | D101: 163140 | E101: HALFSIM TIGO | F101: 1 | G101: 0.69 | H101: 0.69 | J101: Christian Calle | K101: 0931091714 | L101: -2.1894759,-79.8938967 | M101: Cliente Final | N101: CANAL INDIRECTO
A102: 05/10/2026 | B102: 97723566 | C102: 163140 | D102: 163140 | E102: HALFSIM TIGO | F102: 1 | G102: 0.69 | H102: 0.69 | J102: Faiber Leal | K102: 1758545014 | L102: -0.2042218,-78.5011966 | M102: Cliente Final | N102: CANAL INDIRECTO
A103: 05/10/2026 | B103: 97723707 | C103: 163140 | D103: 163140 | E103: HALFSIM TIGO | F103: 1 | G103: 0.69 | H103: 0.69 | J103: Jonathan Carvajal | K103: 1850218379 | L103: -1.23523,-78.60664 | M103: Cliente Final | N103: CANAL INDIRECTO
A104: 05/10/2026 | B104: 97723827 | C104: 163140 | D104: 163140 | E104: HALFSIM TIGO | F104: 1 | G104: 0.69 | H104: 0.69 | J104: Katty Ganchozo | K104: 1351828908 | L104: -0.999899,-80.710394 | M104: Cliente Final | N104: CANAL INDIRECTO
A105: 05/10/2026 | B105: 97724436 | C105: 163140 | D105: 163140 | E105: HALFSIM TIGO | F105: 1 | G105: 0.69 | H105: 0.69 | J105: Moisés Merino | K105: 1720754710 | L105: -0.2999042,-78.4576214 | M105: Cliente Final | N105: CANAL INDIRECTO
A106: 05/10/2026 | B106: 97725980 | C106: 163140 | D106: 163140 | E106: HALFSIM TIGO | F106: 1 | G106: 0.69 | H106: 0.69 | J106: Mary Ivonne Palacios Campuzano | K106: 0920650298 | L106: -1.9151875,-80.0085288 | M106: Cliente Final | N106: CANAL INDIRECTO
A107: 05/10/2026 | B107: 97726433 | C107: 163140 | D107: 163140 | E107: HALFSIM TIGO | F107: 1 | G107: 0.69 | H107: 0.69 | J107: Edgar Contreras | K107: 0955715297 | L107: -2.174994377639086,-79.90479029209922 | M107: Cliente Final | N107: CANAL INDIRECTO
A108: 05/10/2026 | B108: 97726452 | C108: 163140 | D108: 163140 | E108: HALFSIM TIGO | F108: 1 | G108: 0.69 | H108: 0.69 | J108: Nataly Mancero | K108: 1755874730 | L108: -0.3069491,-78.5018999 | M108: Cliente Final | N108: CANAL INDIRECTO
A109: 05/10/2026 | B109: 97727567 | C109: 163140 | D109: 163140 | E109: HALFSIM TIGO | F109: 1 | G109: 0.69 | H109: 0.69 | J109: Milena Leon | K109: 0943941252 | L109: -2.1470277,-79.8691663 | M109: Cliente Final | N109: CANAL INDIRECTO
... A120: 05/10/2026 | B120: 97729925 | C120: 163140 | D120: 163140 | E120: HALFSIM TIGO | F120: 1 | G120: 0.69 | H120: 0.69 | J120: Kevin feijoo | K120: 0705809465 | L120: -3.2591626,-79.95686119999999 | M120: Cliente Final | N120: CANAL INDIRECTO
A121: 05/10/2026 | B121: 16502273 | C121: 163140 | D121: 163140 | E121: HALFSIM TIGO | F121: 20 | G121: 13.8 | H121: 0.69 | J121: DANIELA ESPINOSA_BANCO INTERNACIONAL S A | K121: 1790098354001 | M121: BTB | N121: CANAL DIRECTO
A122: 05/10/2026 | B122: 16502293 | C122: 163140 | D122: 163140 | E122: HALFSIM TIGO | F122: 1 | G122: 0.69 | H122: 0.69 | J122: HANS JIMENEZ_ACERO COMERCIAL ECUATORIANO S A | K122: 1790008959001 | M122: BTB | N122: CANAL DIRECTO
A123: 05/10/2026 | B123: 16502294 | C123: 163140 | D123: 163140 | E123: HALFSIM TIGO | F123: 10 | G123: 6.9 | H123: 0.69 | J123: NAOMI GOMEZ POZO_PLUSTELESMART CIA LTDA | K123: 1792996570001 | M123: BTB | N123: CANAL DIRECTO
A124: 05/10/2026 | B124: 2026-08069 | C124: 163140_02 | D124: 163140 | E124: HALFSIM TIGO CHIP PREPAGO $3 WP NUMERADO | F124: 500 | G124: 345 | H124: 0.69 | J124: MOVIPHONE EL ORO PDA MOVISTAR_LENIN CRESPO | K124: 0301197232 | M124: INDIRECTO | N124: CANAL INDIRECTO
A125: 05/10/2026 | B125: 2026-08075 | C125: 163140_02 | D125: 163140 | E125: HALFSIM TIGO CHIP PREPAGO $3 WP NUMERADO | F125: 1000 | G125: 690 | H125: 0.69 | J125: TARSISINVEST TUENTI SANTA ELENA_MARCO VINICIO BASTIDAS TOALA | K125: 0992862459001 | M125: INDIRECTO | N125: CANAL INDIRECTO
A126: 05/10/2026 | B126: 2026-08075 | C126: 163140_06 | D126: 163140 | E126: HALFSIM TIGO PORTABILIDAD | F126: 100 | G126: 69 | H126: 0.69 | J126: TARSISINVEST TUENTI SANTA ELENA_MARCO VINICIO BASTIDAS TOALA | K126: 0992862459001 | M126: INDIRECTO | N126: CANAL INDIRECTO
A127: 05/10/2026 | B127: 2026-08079 | C127: 163140_02 | D127: 163140 | E127: HALFSIM TIGO CHIP PREPAGO $3 WP NUMERADO | F127: 3000 | G127: 2070 | H127: 0.69 | J127: MOVIPHONE ZONIFICADO MACHALA_LENIN CRESPO | K127: 0391007160001 | M127: INDIRECTO | N127: CANAL INDIRECTO
A128: 05/10/2026 | B128: 2026-08080 | C128: 163140_02 | D128: 163140 | E128: HALFSIM TIGO CHIP PREPAGO $3 WP NUMERADO | F128: 1000 | G128: 690 | H128: 0.69 | J128: MOVIPHONE ZONIFICADOS CAÑAR_LENIN CRESPO | K128: 0391007160001 | M128: INDIRECTO | N128: CANAL INDIRECTO
A129: 05/10/2026 | B129: 2026-08081 | C129: 163140_02 | D129: 163140 | E129: HALFSIM TIGO CHIP PREPAGO $3 WP NUMERADO | F129: 3000 | G129: 2070 | H129: 0.69 | J129: MOVIPHONE AZUAY_GALO PALLAROSO | K129: 0391007160001 | M129: INDIRECTO | N129: CANAL INDIRECTO
A130: 05/10/2026 | B130: 2026-08082 | C130: 163140_02 | D130: 163140 | E130: HALFSIM TIGO CHIP PREPAGO $3 WP NUMERADO | F130: 1000 | G130: 690 | H130: 0.69 | J130: MOVIPHONE ZONIFICADO LOJA_DIEGO ARMANDO VASQUEZ SALDAÑA | K130: 0391007160001 | M130: INDIRECTO | N130: CANAL INDIRECTO
A131: 05/10/2026 | B131: 2026-08083 | C131: 163140_06 | D131: 163140 | E131: HALFSIM TIGO PORTABILIDAD | F131: 100 | G131: 69 | H131: 0.69 | J131: AIRLINKCO SAS PYMES CUENCA_CARLOS LEONARDO MEJÍA CALLE | K131: 0103710703 | M131: INDIRECTO | N131: CANAL INDIRECTO
A132: 05/10/2026 | B132: 2026-08084 | C132: 163140_02 | D132: 163140 | E132: HALFSIM TIGO CHIP PREPAGO $3 WP NUMERADO | F132: 1000 | G132: 690 | H132: 0.69 | J132: MOVIPHONE AZUAY PDA_LENIN CRESPO | K132: 0301197232 | M132: INDIRECTO | N132: CANAL INDIRECTO
... A180: 05/10/2026 | B180: 16502868 | C180: 163140 | D180: 163140 | E180: HALFSIM TIGO | F180: 11 | G180: 7.59 | H180: 0.69 | J180: LUNAPIEL S C C_LUNAPIEL S C C | K180: 1793167829001 | M180: BTB | N180: CANAL DIRECTO
A181: 06/10/2026 | B181: 97723174 | C181: 163140 | D181: 163140 | E181: HALFSIM TIGO | F181: 1 | G181: 0.69 | H181: 0.69 | J181: Bri Macay | K181: 0944108455 | L181: Guayaquil | M181: Cliente Final | N181: CANAL INDIRECTO
A182: 06/10/2026 | B182: 97728907 | C182: 163140 | D182: 163140 | E182: HALFSIM TIGO | F182: 1 | G182: 0.69 | H182: 0.69 | J182: JUSTYN STALIN LLORE NORIEGA | K182: 0750825069 | L182: Manta | M182: Cliente Final | N182: CANAL INDIRECTO
A183: 06/10/2026 | B183: 97728907 | C183: 163140 | D183: 163140 | E183: HALFSIM TIGO | F183: 1 | G183: 0.69 | H183: 0.69 | J183: JUSTYN STALIN LLORE NORIEGA | K183: 0750825069 | L183: Manta | M183: Cliente Final | N183: CANAL INDIRECTO
A184: 06/10/2026 | B184: 16502171 | C184: 163140 | D184: 163140 | E184: HALFSIM TIGO | F184: 10 | G184: 6.9 | H184: 0.69 | J184: ESTEFANIA CRUZ_PAYLESS SHOESOURCE ECUADOR CIA LTDA | K184: 1791807529001 | M184: BTB | N184: CANAL DIRECTO
A185: 06/10/2026 | B185: 16502271 | C185: 163140 | D185: 163140 | E185: HALFSIM TIGO | F185: 1 | G185: 0.69 | H185: 0.69 | J185: MARCILLO BURGOS JACSON ANDRES_CLOVERJAS S A S | K185: 1793229559001 | M185: BTB | N185: CANAL DIRECTO
A186: 06/10/2026 | B186: 97723566 | C186: 163140 | D186: 163140 | E186: HALFSIM TIGO | F186: 1 | G186: 0.69 | H186: 0.69 | J186: Faiber Leal | K186: 1758545014 | L186: -0.2042218,-78.5011966 | M186: Cliente Final | N186: CANAL INDIRECTO
A187: 06/10/2026 | B187: 97723707 | C187: 163140 | D187: 163140 | E187: HALFSIM TIGO | F187: 1 | G187: 0.69 | H187: 0.69 | J187: Jonathan Carvajal | K187: 1850218379 | L187: -1.23523,-78.60664 | M187: Cliente Final | N187: CANAL INDIRECTO
A188: 06/10/2026 | B188: 97727567 | C188: 163140 | D188: 163140 | E188: HALFSIM TIGO | F188: 1 | G188: 0.69 | H188: 0.69 | J188: Milena Leon | K188: 0943941252 | L188: -2.1470277,-79.8691663 | M188: Cliente Final | N188: CANAL INDIRECTO
A189: 06/10/2026 | B189: 16502305 | C189: 163140 | D189: 163140 | E189: HALFSIM TIGO | F189: 1 | G189: 0.69 | H189: 0.69 | J189: HURTADO VALENCIA EMIL RICARDO_HURTADO VALENCIA EMIL RICARDO | K189: 0703902908001 | M189: BTB | N189: CANAL DIRECTO
A190: 06/10/2026 | B190: 16502390 | C190: 163140 | D190: 163140 | E190: HALFSIM TIGO | F190: 2 | G190: 1.38 | H190: 0.69 | J190: PAEZ NARANJO JUAN CARLOS_THEMPANDINA S A | K190: 1792205638001 | M190: BTB | N190: CANAL DIRECTO
A191: 06/10/2026 | B191: 16502395 | C191: 163140 | D191: 163140 | E191: HALFSIM TIGO | F191: 1 | G191: 0.69 | H191: 0.69 | J191: NICARAGUA CARLOSAMA WILMER SANTIAGO_NICARAGUA CARLOSAMA WILMER SANTIAGO | K191: 1002165957001 | M191: BTB | N191: CANAL DIRECTO
A192: 06/10/2026 | B192: 2026-08101 | C192: 163140_02 | D192: 163140 | E192: HALFSIM TIGO CHIP PREPAGO $3 WP NUMERADO | F192: 3000 | G192: 2070 | H192: 0.69 | J192: ECUATECHNOLOGIES COTOPAXI ZONIFICADOS_JESSICA BALSECA | K192: 1791415728001 | M192: INDIRECTO | N192: CANAL INDIRECTO
A193: 06/10/2026 | B193: 2026-08105 | C193: 163140_02 | D193: 163140 | E193: HALFSIM TIGO CHIP PREPAGO $3 WP NUMERADO | F193: 500 | G193: 345 | H193: 0.69 | J193: TELECOS COTOPAXI PDA_JOHANNA VANESSA PLAZA MIRANDA | K193: 1720224771 | M193: INDIRECTO | N193: CANAL INDIRECTO
A194: 06/10/2026 | B194: 2026-08108 | C194: 163140 | D194: 163140 | E194: HALFSIM TIGO | F194: 150 | G194: 103.5 | H194: 0.69 | J194: PRUEBAS OTECEL_EDISON NAVARRETE | K194: 1715000780 | M194: INDIRECTO | N194: CANAL INDIRECTO
A195: 06/10/2026 | B195: 2026-08108 | C195: 163140_02 | D195: 163140 | E195: HALFSIM TIGO CHIP PREPAGO $3 WP NUMERADO | F195: 100 | G195: 69 | H195: 0.69 | J195: PRUEBAS OTECEL_EDISON NAVARRETE | K195: 1715000780 | M195: INDIRECTO | N195: CANAL INDIRECTO
...
